Checkpoint number,Checkpoint fraction,Ground checkpoint,Contact checkpoint,Lap index,Lap distance,X,Y,Z,Notes
4,0.01547737,55,55,0,378.40652,-557.86536,195.12334,-503.17654,"Some confusion at end, but got it to work"
3,0.97219914,55,55,0,374.32813,-564.63452,195.3725,-499.0238,
3,0.93175733,55,55,0,370.51703,-571.65857,195.73981,-495.2645,
3,0.89429611,55,55,0,366.98679,-578.91455,196.22078,-491.91324,
3,0.85995024,55,55,0,363.75012,-586.37891,196.81067,-488.98407,
3,0.8288458,55,55,0,360.81894,-594.0271,197.50481,-486.4903,
3,0.80109918,55,55,0,358.20419,-601.8335,198.29863,-484.44437,
3,0.77681524,55,55,0,355.91574,-609.77148,199.18765,-482.85757,
3,0.75608587,55,55,0,353.96228,-617.81348,200.16754,-481.73987,
3,0.73899031,55,55,0,352.35123,-625.93109,201.23398,-481.09982,
3,0.7255913,55,55,0,351.08856,-634.09497,202.38266,-480.94409,
3,0.71593696,55,55,0,350.17874,-642.27466,203.6098,-481.27753,
3,0.71006292,55,55,0,349.62518,-650.4397,204.91156,-482.10355,
3,0.70798469,55,55,0,349.42935,-658.55853,206.28442,-483.42297,
3,0.7096979,55,55,0,349.59079,-666.60577,207.71828,-485.23514,
3,0.71512103,55,55,0,350.10187,-674.56195,209.19292,-487.53027,
3,0.72406584,55,55,0,350.94479,-682.40479,210.68839,-490.28342,
3,0.73632801,55,55,0,352.10034,-690.11823,212.18245,-493.46832,
3,0.75166678,55,55,0,353.54584,-697.70038,213.64082,-497.05612,
3,0.76975363,55,55,0,355.25027,-705.19275,214.98184,-501.01416,
3,0.78822744,55,55,0,356.99118,-712.75183,215.93826,-505.0542,
3,0.8033762,55,55,0,358.41876,-720.40381,216.43629,-508.67242,
3,0.81354547,55,55,0,359.37708,-728.14349,216.50453,-511.63556,
3,0.81719953,55,55,0,359.72144,-735.98676,216.1657,-513.72791,
3,0.8129946,55,55,0,359.32516,-743.8714,215.55316,-514.74213,
3,0.80226368,55,55,0,358.3139,-751.85272,214.60687,-514.86481,
3,0.78666234,55,55,0,356.84369,-759.85724,213.43417,-514.30396,
3,0.76749682,55,55,0,355.0376,-767.79175,212.1675,-513.21777,
3,0.74533904,55,55,0,352.94952,-775.59851,210.88979,-511.67114,
3,0.72034997,55,55,0,350.5946,-783.2431,209.64993,-509.67706,
3,0.69257879,55,55,0,347.97754,-790.69977,208.48317,-507.2352,
3,0.66201884,55,55,0,345.09766,-797.95081,207.41037,-504.33923,
3,0.62872118,55,55,0,341.95981,-804.97949,206.44731,-500.99167,
3,0.59278935,55,55,0,338.5737,-811.7691,205.60583,-497.20279,
3,0.55435908,55,55,0,334.95215,-818.30298,204.89415,-492.98807,
3,0.51358354,55,55,0,331.10956,-824.56427,204.31775,-488.36591,
3,0.4706156,55,55,0,327.06039,-830.5365,203.879,-483.35526,
3,0.42560995,55,55,0,322.81921,-836.20319,203.57808,-477.97592,
3,0.37872192,55,55,0,318.4006,-841.54785,203.4138,-472.24826,
3,0.33009991,55,55,0,313.81863,-846.55383,203.38367,-466.19214,
3,0.27989283,55,55,0,309.08725,-851.20483,203.48402,-459.82797,
3,0.22824918,55,55,0,304.22052,-855.4848,203.71033,-453.17673,
3,0.17532508,55,55,0,299.23309,-859.37781,204.05817,-446.26074,
3,0.12127453,55,55,0,294.13956,-862.86835,204.52295,-439.10266,
3,0.06625236,55,55,0,288.95441,-865.94141,205.0997,-431.72562,
3,0.01041868,55,55,0,283.69281,-868.58276,205.78362,-424.15393,
2,0.95394331,55,55,0,278.37076,-870.77887,206.56995,-416.4129,
2,0.89617825,55,55,0,272.92715,-872.57129,207.31267,-408.41858,
2,0.83776051,55,55,0,267.42203,-874.53741,207.51825,-400.35233,
2,0.78185266,55,55,0,262.15344,-877.08484,207.25429,-392.72513,
2,0.73040015,55,55,0,257.30472,-880.53094,206.56253,-385.85632,
2,0.68144548,55,55,0,252.69138,-884.77502,205.28931,-379.44467,
2,0.63364631,55,55,0,248.18692,-889.53314,203.49069,-373.25275,
2,0.58726525,55,55,0,243.81612,-894.53583,201.44971,-367.27823,
2,0.54277402,55,55,0,239.6234,-899.71796,199.31573,-361.57922,
2,0.50051528,55,55,0,235.64105,-905.11511,197.13284,-356.20963,
2,0.46075362,55,55,0,231.89404,-910.76202,194.92708,-351.21204,
2,0.42370415,55,55,0,228.4026,-916.6723,192.72829,-346.61938,
2,0.38954785,55,55,0,225.18382,-922.84528,190.56923,-342.45825,
2,0.3584331,55,55,0,222.25166,-929.26904,188.4839,-338.74951,
2,0.33047402,55,55,0,219.61688,-935.92645,186.50357,-335.50897,
2,0.30574304,55,55,0,217.2863,-942.80176,184.64899,-332.74707,
2,0.28426993,55,55,0,215.26274,-949.87286,182.936,-330.46771,
2,0.26605397,55,55,0,213.54613,-957.11353,181.37569,-328.67026,
2,0.25107735,55,55,0,212.13478,-964.49548,179.97531,-327.35165,
2,0.2393121,55,55,0,211.02605,-971.98999,178.73842,-326.50757,
2,0.23072495,55,55,0,210.21683,-979.56848,177.6657,-326.13315,
2,0.22528312,55,55,0,209.70401,-987.20313,176.75563,-326.22385,
2,0.22295304,55,55,0,209.48442,-994.86682,176.00494,-326.77518,
2,0.22370274,55,55,0,209.55507,-1002.53278,175.4093,-327.78299,
2,0.22749983,55,55,0,209.9129,-1010.17419,174.96405,-329.2431,
2,0.23431517,55,55,0,210.55516,-1017.76489,174.66389,-331.15182,
2,0.24411722,55,55,0,211.47887,-1025.27832,174.50356,-333.50504,
2,0.25687227,55,55,0,212.68088,-1032.68787,174.4778,-336.29813,
2,0.27254495,55,55,0,214.15782,-1039.96716,174.58098,-339.52612,
2,0.29109266,55,55,0,215.9057,-1047.08936,174.80792,-343.18268,
2,0.31246889,55,55,0,217.92014,-1054.02747,175.15344,-347.26062,
2,0.33661708,55,55,0,220.19579,-1060.75439,175.6127,-351.75089,
2,0.36347422,55,55,0,222.72672,-1067.24292,176.18135,-356.64307,
2,0.39297414,55,55,0,225.5067,-1073.46667,176.85437,-361.92599,
2,0.42503244,55,55,0,228.52779,-1079.39941,177.62724,-367.58524,
2,0.45957324,55,55,0,231.78281,-1085.02026,178.48906,-373.60794,
2,0.49564481,55,55,0,235.18208,-1090.53491,179.14088,-379.87561,
2,0.53108925,55,55,0,238.52225,-1096.08081,179.46181,-386.07462,
2,0.56515139,55,55,0,241.73218,-1101.75659,179.3743,-392.10089,
2,0.59529537,55,55,0,244.57285,-1107.73962,178.82626,-397.58453,
2,0.62218624,55,55,0,247.10696,-1114.03455,177.81595,-402.62656,
2,0.64507264,55,55,0,249.2637,-1120.60742,176.48752,-407.1026,
2,0.66189301,55,55,0,250.84882,-1127.50513,174.9854,-410.69321,
2,0.67344886,55,55,0,251.93781,-1134.7533,173.22961,-413.52112,
2,0.68069017,55,55,0,252.62021,-1142.2384,171.30695,-415.71375,
2,0.68429434,55,55,0,252.95984,-1149.84607,169.32362,-417.35654,
2,0.68453717,55,55,0,252.98273,-1157.51111,167.35089,-418.47937,
2,0.68148321,55,55,0,252.69493,-1165.19641,165.43665,-419.08313,
2,0.67513901,55,55,0,252.09708,-1172.87646,163.61621,-419.16122,
2,0.66550559,55,55,0,251.18924,-1180.53284,161.91248,-418.70734,
2,0.65263838,55,55,0,249.97668,-1188.14587,160.34192,-417.72375,
2,0.63664138,55,55,0,248.46918,-1195.69299,158.91693,-416.22043,
2,0.61764532,55,55,0,246.67905,-1203.15063,157.6454,-414.21176,
2,0.5957936,55,55,0,244.6198,-1210.49438,156.53227,-411.71451,
2,0.57122403,55,55,0,242.30444,-1217.70105,155.57881,-408.74521,
2,0.54407567,55,55,0,239.74606,-1224.74731,154.78423,-405.32098,
2,0.51448047,55,55,0,236.95709,-1231.61011,154.14621,-401.45837,
2,0.48256493,55,55,0,233.94946,-1238.26685,153.66121,-397.17358,
2,0.44845062,55,55,0,230.73465,-1244.69482,153.32512,-392.48248,
2,0.41225275,55,55,0,227.32346,-1250.87207,153.13269,-387.40048,
2,0.37408829,55,55,0,223.72696,-1256.77661,153.07838,-381.94379,
2,0.33407587,55,55,0,219.9563,-1262.38635,153.1571,-376.1293,
2,0.29232711,55,55,0,216.02203,-1267.68005,153.36256,-369.97342,
2,0.24985875,55,55,0,212.01994,-1272.95068,153.28131,-363.67783,
2,0.21232545,55,55,0,208.48291,-1278.64478,152.5753,-358.21793,
2,0.17828839,55,55,0,205.27536,-1284.75403,151.24298,-353.35806,
2,0.14844814,55,55,0,202.4633,-1291.24133,149.42886,-349.20923,
2,0.12150113,55,55,0,199.9239,-1298.0614,147.14101,-345.55402,
2,0.09675549,55,55,0,197.59195,-1305.0531,144.55948,-342.26202,
2,0.07404846,55,55,0,195.4521,-1312.11853,141.81958,-339.29715,
2,0.05344398,55,55,0,193.51041,-1319.23486,138.97569,-336.66922,
2,0.03510985,55,55,0,191.78265,-1326.39783,136.06433,-334.40747,
2,0.019238,55,55,0,190.28693,-1333.60767,133.11526,-332.54593,
2,0.00603115,55,55,0,189.04236,-1340.85925,130.16273,-331.12018,
1,0.99566543,55,55,0,188.06552,-1348.14734,127.23602,-330.16174,
1,0.98828924,55,55,0,187.37042,-1355.4585,124.36986,-329.69699,
1,0.98400229,55,55,0,186.96643,-1362.77625,121.59687,-329.74423,
1,0.9828549,55,55,0,186.85831,-1370.08447,118.94208,-330.31372,
1,0.98481232,55,55,0,187.04276,-1377.36975,116.41642,-331.40189,
1,0.98976558,55,55,0,187.50954,-1384.61169,114.02939,-332.99182,
1,0.99757481,55,55,0,188.24545,-1391.79053,111.78432,-335.06128,
2,0.00745585,55,55,0,189.17662,-1398.92285,109.57389,-337.4826,
2,0.01649155,55,55,0,190.02811,-1406.02979,107.10767,-339.7655,
2,0.02220931,55,55,0,190.56694,-1413.03223,104.31138,-341.47995,
2,0.02430281,55,55,0,190.76422,-1419.93286,101.18097,-342.57016,
2,0.02022993,55,55,0,190.3804,-1426.56042,97.82111,-342.57968,
2,0.00974836,55,55,0,189.39265,-1432.94995,94.19344,-341.46466,
1,0.99395937,55,55,0,187.90475,-1439.15015,90.30976,-339.41324,
1,0.97415984,55,55,0,186.03891,-1445.13403,86.29498,-336.64087,
1,0.95124221,55,55,0,183.87921,-1450.86157,82.26561,-333.29404,
1,0.92560226,55,55,0,181.46298,-1456.29871,78.29728,-329.43585,
1,0.89740372,55,55,0,178.80563,-1461.41638,74.44202,-325.09079,
1,0.86675459,55,55,0,175.91736,-1466.18982,70.74092,-320.27475,
1,0.83376306,55,55,0,172.80832,-1470.60205,67.2203,-315.00491,
1,0.79859817,55,55,0,169.49451,-1474.64172,63.8989,-309.31006,
1,0.76146811,55,55,0,165.99547,-1478.30115,60.78899,-303.2265,
1,0.72259432,55,55,0,162.33212,-1481.57532,57.89689,-296.79361,
1,0.68219584,55,55,0,158.52509,-1484.46106,55.22396,-290.05081,
1,0.64048141,55,55,0,154.59406,-1486.95605,52.76829,-283.03616,
1,0.59764344,55,55,0,150.55713,-1489.05786,50.52547,-275.78513,
1,0.55385798,55,55,0,146.43091,-1490.76416,48.4894,-268.3306,
1,0.50928915,55,55,0,142.23088,-1492.07214,46.65346,-260.70343,
1,0.46408659,55,55,0,137.97113,-1492.97803,45.01072,-252.93214,
1,0.41839233,55,55,0,133.66504,-1493.47754,43.55419,-245.04395,
1,0.37234202,55,55,0,129.32539,-1493.56592,42.27723,-237.06499,
1,0.32606557,55,55,0,124.96445,-1493.23804,41.17302,-229.02049,
1,0.27969298,55,55,0,120.59444,-1492.48901,40.23502,-220.93575,
1,0.23335662,55,55,0,116.22783,-1491.31409,39.45737,-212.83644,
1,0.1871898,55,55,0,111.87721,-1489.70886,38.83458,-204.74846,
1,0.14132689,55,55,0,107.55523,-1487.66931,38.36111,-196.69781,
1,0.0959083,55,55,0,103.27512,-1485.19312,38.03191,-188.71159,
1,0.05107547,55,55,0,99.05021,-1482.27881,37.84173,-180.81693,
1,0.00697844,55,55,0,94.89464,-1478.92725,37.78613,-173.04239,
0,0.96371555,55,55,0,90.81767,-1475.14001,37.86039,-165.41611,
0,0.92149305,55,55,0,86.83875,-1470.92114,38.06022,-157.96709,
0,0.88047606,55,55,0,82.97343,-1466.27649,38.38124,-150.72418,
0,0.84082222,55,55,0,79.23657,-1461.21423,38.81926,-143.71646,
0,0.80268949,55,55,0,75.64306,-1455.74475,39.37023,-136.97276,
0,0.76137066,55,55,0,71.74929,-1451.43005,38.89127,-129.75533,
0,0.7173546,55,55,0,67.60135,-1448.29663,37.58238,-122.14317,
0,0.67089778,55,55,0,63.2234,-1446.18945,35.56224,-114.16779,
0,0.62280971,55,55,0,58.69172,-1444.87451,33.02805,-105.95251,
0,0.5741998,55,55,0,54.11087,-1444.1759,30.23479,-97.6749,
0,0.52566725,55,55,0,49.53731,-1444.02795,27.32715,-89.43027,
0,0.47748682,55,55,0,44.99693,-1444.4292,24.37767,-81.26105,
0,0.42985246,55,55,0,40.50801,-1445.39221,21.43648,-73.1963,
0,0.38294643,55,55,0,36.08773,-1446.92944,18.54704,-65.26308,
0,0.33695745,55,55,0,31.75386,-1449.04626,15.7502,-57.48948,
0,0.29206374,55,55,0,27.52321,-1451.74097,13.08118,-49.90184,
0,0.24841616,55,55,0,23.40999,-1455.00586,10.56502,-42.52206,
0,0.20615821,55,55,0,19.42773,-1458.82251,8.22005,-35.37109,
0,0.16542985,55,55,0,15.58961,-1463.16394,6.05951,-28.46965,
0,0.12636358,55,55,0,11.90812,-1467.99939,4.09198,-21.83778,
0,0.08902575,55,55,0,8.38952,-1473.29822,2.30823,-15.48483,
0,0.05346136,55,55,0,5.03804,-1479.01941,0.69308,-9.41704,
0,0.01971094,55,55,0,1.8575,-1485.11926,-0.76804,-3.64046,
106,0.9796254,55,55,0,7629.8916,-1490.95972,-2.72765,2.3151,
106,0.92373049,55,55,0,7620.33594,-1496.06714,-5.09962,8.4623,
106,0.86667657,55,55,0,7610.58203,-1500.50964,-7.93787,14.85847,
106,0.80894405,55,55,0,7600.7124,-1504.01721,-11.11685,21.49476,
106,0.75092506,55,55,0,7590.79346,-1506.33252,-14.52697,28.37341,
106,0.69221252,55,55,0,7580.75586,-1507.6283,-18.23603,35.52098,
106,0.63345242,55,55,0,7570.71045,-1508.09851,-22.131,42.82644,
106,0.57541382,55,55,0,7560.78809,-1507.88684,-26.07721,50.17105,
106,0.51861018,55,55,0,7551.07715,-1507.05273,-29.98384,57.48262,
106,0.46338159,55,55,0,7541.63525,-1505.60974,-33.7922,64.71871,
106,0.41000709,55,55,0,7532.51025,-1503.56116,-37.45557,71.84617,
106,0.35869575,55,55,0,7523.73828,-1500.91138,-40.94261,78.84005,
106,0.30962804,55,55,0,7515.34961,-1497.67688,-44.23091,85.67635,
106,0.26296341,55,55,0,7507.37207,-1493.88477,-47.30528,92.3311,
106,0.21884277,55,55,0,7499.8291,-1489.56812,-50.157,98.78111,
106,0.17738932,55,55,0,7492.74219,-1484.76233,-52.78228,105.0043,
106,0.13871159,55,55,0,7486.12988,-1479.50244,-55.18135,110.98006,
106,0.10290588,55,55,0,7480.00879,-1473.82092,-57.35775,116.68941,
106,0.07005958,55,55,0,7474.39355,-1467.74866,-59.31701,122.11434,
106,0.04025645,55,55,0,7469.29834,-1461.31433,-61.06543,127.23735,
106,0.01357296,55,55,0,7464.73633,-1454.54419,-62.61072,132.04192,
105,0.99389684,55,55,0,7461.37256,-1447.46338,-63.96035,136.51151,
105,0.98139834,55,55,0,7459.23584,-1440.09595,-65.12128,140.62944,
105,0.97089785,55,55,0,7457.44092,-1432.46448,-66.10043,144.37918,
105,0.962457,55,55,0,7455.99756,-1424.59119,-66.90481,147.7444,
105,0.9561348,55,55,0,7454.91699,-1416.49878,-67.54121,150.70927,
105,0.95199001,55,55,0,7454.2085,-1408.21045,-68.01612,153.25822,
105,0.95007747,55,55,0,7453.88135,-1399.74988,-68.33582,155.37628,
105,0.95044827,55,55,0,7453.94482,-1391.14246,-68.50582,157.04918,
105,0.9531492,55,55,0,7454.40625,-1382.41345,-68.53188,158.26343,
105,0.95821834,55,55,0,7455.27295,-1373.58984,-68.41973,159.00726,
105,0.96568483,55,55,0,7456.54932,-1364.69995,-68.1747,159.27036,
105,0.97556996,55,55,0,7458.23926,-1355.77271,-67.80194,159.04395,
105,0.987885,55,55,0,7460.34473,-1346.83862,-67.30612,158.32095,
106,0.00410433,55,55,0,7463.11768,-1337.92834,-66.69228,157.09637,
106,0.03078431,55,55,0,7467.67871,-1329.0741,-65.96469,155.36761,
106,0.0610279,55,55,0,7472.84912,-1320.30725,-65.12831,153.1333,
106,0.09474926,55,55,0,7478.61426,-1311.66064,-64.18766,150.39597,
106,0.13185282,55,55,0,7484.95752,-1303.16711,-63.14698,147.15971,
106,0.17223033,55,55,0,7491.86035,-1294.85925,-62.01043,143.43089,
106,0.21575415,55,55,0,7499.30127,-1286.76965,-60.7819,139.21889,
106,0.26228982,55,55,0,7507.25684,-1278.93005,-59.46555,134.53453,
106,0.31168562,55,55,0,7515.70166,-1271.37158,-58.06547,129.3916,
106,0.36377248,55,55,0,7524.60596,-1264.12488,-56.58534,123.80687,
106,0.41837648,55,55,0,7533.94141,-1257.21936,-55.02869,117.79842,
106,0.47531393,55,55,0,7543.67529,-1250.68335,-53.39894,111.38643,
106,0.53439009,55,55,0,7553.7749,-1244.54382,-51.69958,104.59328,
106,0.59539539,55,55,0,7564.2041,-1238.82617,-49.93372,97.44411,
106,0.65812057,55,55,0,7574.92773,-1233.55396,-48.10488,89.96484,
106,0.72234273,55,55,0,7585.90723,-1228.74902,-46.21597,82.18394,
106,0.78783882,55,55,0,7597.104,-1224.43152,-44.27021,74.13062,
106,0.85437214,55,55,0,7608.47852,-1220.6189,-42.2704,65.83666,
106,0.92170644,55,55,0,7619.99023,-1217.32703,-40.21926,57.33443,
106,0.98960233,55,55,0,7631.59766,-1214.56946,-38.1195,48.65728,
107,0.14846507,55,55,0,7658.49756,-1212.35754,-35.97363,39.83957,
107,0.32347554,55,55,0,7688.11133,-1210.7002,-33.78421,30.9165,
107,0.49812338,55,55,0,7717.66455,-1209.60339,-31.55336,21.92446,
107,0.67226297,55,55,0,7747.13135,-1209.07129,-29.28316,12.89961,
107,0.84575111,55,55,0,7776.48779,-1209.1062,-26.97589,3.8779,
0,0.03111495,55,55,0,2.93218,-1209.70654,-24.63367,-5.10379,
0,0.08768281,55,55,0,8.26297,-1210.86926,-22.25869,-14.0093,
0,0.14345516,55,55,0,13.51879,-1212.58801,-19.85272,-22.80203,
0,0.1985468,55,55,0,18.71046,-1214.80066,-17.51458,-31.50401,
0,0.25442198,55,55,0,23.97597,-1217.06116,-15.72391,-40.3443,
0,0.30991599,55,55,0,29.20555,-1218.39014,-14.49389,-49.12371,
0,0.36601788,55,55,0,34.49243,-1218.91785,-13.91966,-57.99274,
0,0.42289698,55,55,0,39.85255,-1218.86438,-13.94414,-66.9761,
0,0.48005372,55,55,0,45.23883,-1218.49316,-14.38404,-75.99639,
0,0.53662431,55,55,0,50.56987,-1217.89233,-15.00357,-84.91681,
0,0.59238768,55,55,0,55.82484,-1217.01599,-15.72447,-93.69897,
0,0.64729834,55,55,0,60.99946,-1215.79822,-16.51499,-102.33113,
0,0.70129699,55,55,0,66.08813,-1214.19116,-17.34629,-110.79932,
0,0.75428784,55,55,0,71.08183,-1212.16699,-18.18621,-119.08417,
0,0.80616325,55,55,0,75.97041,-1209.70935,-19.00421,-127.16482,
0,0.85679936,55,55,0,80.74221,-1206.81409,-19.76911,-135.0184,
0,0.90609449,55,55,0,85.38763,-1203.47827,-20.45768,-142.62576,
0,0.95396018,55,55,0,89.89835,-1199.70349,-21.05323,-149.97029,
1,0.00030773,55,55,0,94.26601,-1195.49817,-21.54313,-157.03603,
1,0.04497889,55,55,0,98.47569,-1190.87695,-21.91715,-163.80667,
1,0.08793291,55,55,0,102.52354,-1185.85645,-22.16845,-170.26614,
1,0.12907209,55,55,0,106.40038,-1180.45496,-22.29322,-176.39859,
1,0.16829336,55,55,0,110.09647,-1174.69238,-22.2894,-182.1879,
1,0.20549136,55,55,0,113.6019,-1168.58838,-22.15723,-187.61807,
1,0.2405581,55,55,0,116.90648,-1162.16382,-21.89852,-192.67329,
1,0.27338406,55,55,0,119.9999,-1155.44067,-21.51617,-197.33809,
1,0.30385605,55,55,0,122.87149,-1148.44128,-21.01364,-201.59698,
1,0.33188668,55,55,0,125.51301,-1141.18481,-20.40199,-205.43877,
1,0.35743725,55,55,0,127.92082,-1133.69312,-19.70027,-208.86041,
1,0.38350868,55,55,0,130.37772,-1126.13269,-19.42715,-212.33797,
1,0.41181409,55,55,0,133.04514,-1118.97339,-19.57966,-216.16869,
1,0.44256523,55,55,0,135.94302,-1112.08252,-20.23921,-220.37448,
1,0.47599113,55,55,0,139.09299,-1105.57495,-21.30182,-224.99823,
1,0.51287001,55,55,0,142.56833,-1099.69031,-22.65109,-230.17747,
1,0.55306959,55,55,0,146.35663,-1094.32043,-24.3214,-235.88411,
1,0.59572381,55,55,0,150.37622,-1089.4071,-26.20007,-241.98222,
1,0.6401282,55,55,0,154.56076,-1084.92822,-28.17966,-248.36427,
1,0.68590224,55,55,0,158.87437,-1080.88818,-30.18877,-254.97485,
1,0.73285311,55,55,0,163.29889,-1077.30457,-32.17944,-261.78882,
1,0.78083366,55,55,0,167.82042,-1074.19702,-34.11319,-268.7886,
1,0.82967955,55,55,0,172.42352,-1071.5813,-35.9547,-275.95404,
1,0.87926531,55,55,0,177.09631,-1069.47009,-37.68079,-283.271,
1,0.92943686,55,55,0,181.82434,-1067.86804,-39.27454,-290.7204,
1,0.98000884,55,55,0,186.59009,-1066.77344,-40.72286,-298.27795,
2,0.03078197,55,55,0,191.3748,-1066.18115,-42.01737,-305.91739,
2,0.08154345,55,55,0,196.15842,-1066.08398,-43.15328,-313.61127,
2,0.13209037,55,55,0,200.9218,-1066.474,-44.12869,-321.332,
2,0.1822248,55,55,0,205.64632,-1067.34338,-44.94412,-329.05246,
2,0.23175375,55,55,0,210.31378,-1068.68457,-45.60192,-336.746,
2,0.28048882,55,55,0,214.90642,-1070.48987,-46.10596,-344.38638,
2,0.32824433,55,55,0,219.40675,-1072.75183,-46.46081,-351.94748,
2,0.37483704,55,55,0,223.79752,-1075.46289,-46.67142,-359.4032,
2,0.42008549,55,55,0,228.0616,-1078.61536,-46.74268,-366.72723,
2,0.46381325,55,55,0,232.18237,-1082.20178,-46.67988,-373.89371,
2,0.50584799,55,55,0,236.1436,-1086.2135,-46.48867,-380.87671,
2,0.54602098,55,55,0,239.92938,-1090.64038,-46.17464,-387.65024,
2,0.58416736,55,55,0,243.52417,-1095.47131,-45.74305,-394.1882,
2,0.6201278,55,55,0,246.91298,-1100.69397,-45.19902,-400.46466,
2,0.65374893,55,55,0,250.08133,-1106.29407,-44.54713,-406.45374,
2,0.68488514,55,55,0,253.01552,-1112.25659,-43.79198,-412.13013,
2,0.71340042,55,55,0,255.70271,-1118.56445,-42.93809,-417.46912,
2,0.73917085,55,55,0,258.13123,-1125.19861,-41.99014,-422.44702,
2,0.76208305,55,55,0,260.29041,-1132.1377,-40.95206,-427.04095,
2,0.78203523,55,55,0,262.17065,-1139.35913,-39.82787,-431.22913,
2,0.7989409,55,55,0,263.76379,-1146.83813,-38.62125,-434.9913,
2,0.81272447,55,55,0,265.06271,-1154.54932,-37.33593,-438.30853,
2,0.82332748,55,55,0,266.06192,-1162.46484,-35.97544,-441.16373,
2,0.83070546,55,55,0,266.7572,-1170.55579,-34.5431,-443.5416,
2,0.8348307,55,55,0,267.14594,-1178.79126,-33.04181,-445.42899,
2,0.83568686,55,55,0,267.22662,-1187.14014,-31.47435,-446.81433,
2,0.83327395,55,55,0,266.99924,-1195.57056,-29.84401,-447.68845,
2,0.82760888,55,55,0,266.46539,-1204.04956,-28.15387,-448.04477,
2,0.81872618,55,55,0,265.6283,-1212.54297,-26.40661,-447.87943,
2,0.80666912,55,55,0,264.49207,-1221.01685,-24.60471,-447.19016,
2,0.79149389,55,55,0,263.06201,-1229.43689,-22.75062,-445.97702,
2,0.77327019,55,55,0,261.34467,-1237.76892,-20.8468,-444.24258,
2,0.7520842,55,55,0,259.34814,-1245.97839,-18.89536,-441.9924,
2,0.72802877,55,55,0,257.08124,-1254.03174,-16.89877,-439.23376,
2,0.70121092,55,55,0,254.55402,-1261.89551,-14.85907,-435.97681,
2,0.67174524,55,55,0,251.77725,-1269.53711,-12.77863,-432.23352,
2,0.63976151,55,55,0,248.7632,-1276.92468,-10.65939,-428.0192,
2,0.60539418,55,55,0,245.52454,-1284.02747,-8.50331,-423.35059,
2,0.56878495,55,55,0,242.07458,-1290.8158,-6.31225,-418.24649,
2,0.53008276,55,55,0,238.4274,-1297.26147,-4.08803,-412.72769,
2,0.48944327,55,55,0,234.59766,-1303.33765,-1.83248,-406.81696,
2,0.44702876,55,55,0,230.60065,-1309.01917,0.4526,-400.53897,
2,0.40301001,55,55,0,226.45245,-1314.28259,2.76577,-393.92068,
2,0.35755482,55,55,0,222.16888,-1319.10596,5.10545,-386.98929,
2,0.31084177,55,55,0,217.7668,-1323.46973,7.4702,-379.7746,
2,0.26304659,55,55,0,213.26273,-1327.35583,9.85848,-372.30661,
2,0.21435466,55,55,0,208.67413,-1330.74915,12.26884,-364.61771,
2,0.1649504,55,55,0,204.01843,-1333.63599,14.70014,-356.74063,
2,0.11501624,55,55,0,199.31279,-1336.00476,17.15085,-348.70831,
2,0.06474259,55,55,0,194.57515,-1337.84717,19.61971,-340.5556,
2,0.01431757,55,55,0,189.82324,-1339.15649,22.10558,-332.31729,
1,0.96393067,55,55,0,185.07494,-1339.9281,24.60714,-324.02802,
1,0.913782,55,55,0,180.34908,-1340.16052,27.12327,-315.72357,
1,0.86405975,55,55,0,175.66339,-1339.85449,29.65297,-307.43939,
1,0.81494933,55,55,0,171.03537,-1339.0127,32.19528,-299.21063,
1,0.76663333,55,55,0,166.48222,-1337.63965,34.749,-291.07193,
1,0.71929491,55,55,0,162.02119,-1335.74353,37.31321,-283.05804,
1,0.67311299,55,55,0,157.66916,-1333.33435,39.88706,-275.20291,
1,0.62826324,55,55,0,153.44264,-1330.42334,42.46957,-267.53955,
1,0.58491808,55,55,0,149.35793,-1327.02527,45.05993,-260.10034,
1,0.54324591,55,55,0,145.43086,-1323.15649,47.65754,-252.91658,
1,0.5034104,55,55,0,141.67688,-1318.83459,50.26154,-246.01833,
1,0.46556899,55,55,0,138.11082,-1314.08057,52.87122,-239.43433,
1,0.42987433,55,55,0,134.74707,-1308.9165,55.48606,-233.192,
1,0.3964726,55,55,0,131.5994,-1303.36621,58.10561,-227.31723,
1,0.36550385,55,55,0,128.681,-1297.45447,60.72913,-221.8343,
1,0.33709726,55,55,0,126.00404,-1291.20898,63.35606,-216.7654,
1,0.31137568,55,55,0,123.58012,-1284.6582,65.98606,-212.13104,
1,0.28845489,55,55,0,121.42013,-1277.8313,68.61857,-207.95016,
1,0.26843652,55,55,0,119.53366,-1270.75964,71.25311,-204.23897,
1,0.25141388,55,55,0,117.9295,-1263.47534,73.88937,-201.01189,
1,0.23746981,55,55,0,116.61545,-1256.01099,76.52712,-198.28128,
1,0.22667842,55,55,0,115.5985,-1248.39941,79.16589,-196.05772,
1,0.21909472,55,55,0,114.88383,-1240.67529,81.80537,-194.34857,
1,0.21476381,55,55,0,114.4757,-1232.87292,84.44535,-193.15932,
1,0.21372105,55,55,0,114.37743,-1225.02673,87.08548,-192.49377,
1,0.21598023,55,55,0,114.59033,-1217.17175,89.72548,-192.35228,
1,0.22154365,55,55,0,115.11462,-1209.34302,92.36528,-192.7334,
1,0.23039977,55,55,0,115.94919,-1201.57495,95.00476,-193.63351,
1,0.24252503,55,55,0,117.09184,-1193.90137,97.6436,-195.0473,
1,0.25787145,55,55,0,118.53804,-1186.3562,100.2816,-196.96585,
1,0.27637854,55,55,0,120.28209,-1178.97253,102.91863,-199.37854,
1,0.29797471,55,55,0,122.31725,-1171.78235,105.55443,-202.27339,
1,0.32256436,55,55,0,124.63451,-1164.81702,108.18887,-205.63504,
1,0.35003856,55,55,0,127.22359,-1158.10657,110.82179,-209.44655,
1,0.38027433,55,55,0,130.07291,-1151.67993,113.45316,-213.68924,
1,0.41313782,55,55,0,133.16988,-1145.56482,116.08269,-218.34328,
1,0.44847196,55,55,0,136.49966,-1139.78699,118.71021,-223.38567,
1,0.48610863,55,55,0,140.04642,-1134.37109,121.33569,-228.79233,
1,0.52587193,55,55,0,143.79359,-1129.33997,123.95892,-234.53842,
1,0.56756532,55,55,0,147.72266,-1124.7146,126.5798,-240.59642,
1,0.61098444,55,55,0,151.81435,-1120.51404,129.19826,-246.93799,
1,0.6559155,55,55,0,156.04851,-1116.75562,131.81432,-253.5338,
1,0.70213932,55,55,0,160.40451,-1113.45471,134.4276,-260.354,
1,0.74942195,55,55,0,164.86028,-1110.62402,137.03799,-267.36673,
1,0.79752684,55,55,0,169.39354,-1108.27441,139.64545,-274.53986,
1,0.84621549,55,55,0,173.98181,-1106.41516,142.24974,-281.84119,
1,0.8952418,55,55,0,178.6019,-1105.05225,144.85062,-289.23721,
1,0.94435894,55,55,0,183.23056,-1104.19006,147.44812,-296.69434,
1,0.99332219,55,55,0,187.8447,-1103.83081,150.04219,-304.17908,
2,0.04188496,55,55,0,192.42111,-1103.97498,152.63258,-311.6582,
2,0.08979733,55,55,0,196.93623,-1104.61963,155.21915,-319.09796,
2,0.13682368,55,55,0,201.36786,-1105.76025,157.8019,-326.46512,
2,0.18273665,55,55,0,205.69455,-1107.39075,160.38057,-333.72717,
2,0.22731403,55,55,0,209.89539,-1109.50171,162.95506,-340.85172,
2,0.2703439,55,55,0,213.95039,-1112.08203,165.52536,-347.80722,
2,0.31162447,55,55,0,217.84055,-1115.11877,168.09148,-354.56302,
2,0.35096526,55,55,0,221.54791,-1118.59778,170.65317,-361.08951,
2,0.38818857,55,55,0,225.05573,-1122.50146,173.21031,-367.35809,
2,0.42312941,55,55,0,228.34845,-1126.81104,175.76295,-373.34137,
2,0.45563525,55,55,0,231.4117,-1131.50684,178.31091,-379.01318,
2,0.4855704,55,55,0,234.2327,-1136.56604,180.85413,-384.34903,
2,0.51281255,55,55,0,236.79991,-1141.96497,183.39273,-389.32571,
2,0.53725469,55,55,0,239.10327,-1147.67859,185.92673,-393.92181,
2,0.55880314,55,55,0,241.13393,-1153.68115,188.45598,-398.11734,
2,0.57738441,55,55,0,242.88498,-1159.94434,190.98048,-401.89462,
2,0.59293771,55,55,0,244.35068,-1166.43933,193.5004,-405.23761,
2,0.60541493,55,55,0,245.52649,-1173.13696,196.01569,-408.13174,
2,0.61478943,55,55,0,246.40991,-1180.0061,198.52634,-410.56537,
2,0.6210469,55,55,0,246.9996,-1187.01538,201.03249,-412.52853,
2,0.62418652,55,55,0,247.29547,-1194.13293,203.53433,-414.01321,
2,0.62421936,55,55,0,247.29855,-1201.32678,206.03174,-415.01321,
2,0.62117732,55,55,0,247.01189,-1208.56396,208.52472,-415.52548,
2,0.61510199,55,55,0,246.43936,-1215.81165,211.01346,-415.54871,
2,0.60604334,55,55,0,245.58571,-1223.03735,213.49796,-415.08307,
2,0.59407079,55,55,0,244.45744,-1230.20825,215.9783,-414.13208,
2,0.57926214,55,55,0,243.06192,-1237.29175,218.45477,-412.70087,
2,0.56170511,55,55,0,241.40741,-1244.25598,220.92749,-410.79669,
2,0.54149354,55,55,0,239.50272,-1251.0697,223.39653,-408.42822,
2,0.51873922,55,55,0,237.35843,-1257.70215,225.862,-405.60754,
2,0.49355918,55,55,0,234.98553,-1264.12354,228.32411,-402.34824,
2,0.46607459,55,55,0,232.39548,-1270.30505,230.78291,-398.66513,
2,0.43642157,55,55,0,229.60106,-1276.21887,233.23857,-394.57614,
2,0.40473971,55,55,0,226.61545,-1281.8385,235.69131,-390.10052,
2,0.37117496,55,55,0,223.45242,-1287.13879,238.14133,-385.25919,
2,0.3358748,55,55,0,220.12582,-1292.09607,240.58859,-380.07401,
2,0.2989991,55,55,0,216.65077,-1296.68835,243.03326,-374.56964,
2,0.26070949,55,55,0,213.04248,-1300.89526,245.47552,-368.77167,
2,0.22116764,55,55,0,209.31618,-1304.69788,247.91542,-362.7063,
2,0.18054464,55,55,0,205.48798,-1308.07983,250.35303,-356.40201,
2,0.13901252,55,55,0,201.57413,-1311.02625,252.7885,-349.88794,
2,0.09674445,55,55,0,197.59091,-1313.52441,255.22202,-343.19397,
2,0.05391316,55,55,0,193.55461,-1315.56299,257.65353,-336.35031,
2,0.0106976,55,55,0,189.4821,-1317.13379,260.08313,-329.38873,
1,0.96727854,55,55,0,185.39043,-1318.23022,262.51096,-322.34113,
1,0.92383856,55,55,0,181.29678,-1318.84753,264.93695,-315.23923,
1,0.88055766,55,55,0,177.21811,-1318.98401,267.36115,-308.11578,
1,0.83761305,55,55,0,173.17114,-1318.63965,269.78366,-301.0033,
1,0.79518014,55,55,0,169.17239,-1317.81653,272.20459,-293.93402,
1,0.75343156,55,55,0,165.23813,-1316.51843,274.62384,-286.93979,
1,0.71253967,55,55,0,161.38461,-1314.75232,277.04138,-280.05246,
1,0.6726737,55,55,0,157.62775,-1312.52698,279.45731,-273.30322,
1,0.63399881,55,55,0,153.98315,-1309.85229,281.87146,-266.72241,
1,0.59597158,55,55,0,150.39958,-1306.80554,284.13049,-260.22949,
1,0.55661374,55,55,0,146.69061,-1303.93164,285.83771,-253.54715,
1,0.51657665,55,55,0,142.91763,-1301.22375,287.15921,-246.78099,
1,0.47609857,55,55,0,139.1031,-1298.6283,288.15582,-239.96516,
1,0.43510842,55,55,0,135.24031,-1296.24744,288.85815,-233.09526,
1,0.39352092,55,55,0,131.32123,-1294.17456,289.30548,-226.1631,
1,0.35136428,55,55,0,127.34853,-1292.46704,289.54752,-219.17561,
1,0.30873585,55,55,0,123.33134,-1291.16455,289.6369,-212.14915,
1,0.26576233,55,55,0,119.28165,-1290.23901,289.60016,-205.09991,
1,0.22268403,55,55,0,115.22208,-1289.66748,289.48615,-198.063,
1,0.17969441,55,55,0,111.17087,-1289.44446,289.33667,-191.06712,
1,0.13693167,55,55,0,107.14104,-1289.57715,289.18286,-184.13274,
1,0.09452017,55,55,0,103.1443,-1290.07361,289.05118,-177.27806,
1,0.05254282,55,55,0,99.18848,-1290.94629,288.95825,-170.51479,
1,0.01108234,55,55,0,95.28137,-1292.20374,288.91644,-163.85428,
0,0.97019619,55,55,0,91.42838,-1293.84888,288.93613,-157.30977,
0,0.93002391,55,55,0,87.64267,-1295.88037,289.02579,-150.89613,
0,0.89069408,55,55,0,83.93635,-1298.29492,289.19183,-144.6293,
0,0.8523258,55,55,0,80.32063,-1301.08691,289.43893,-138.52628,
0,0.81504095,55,55,0,76.80702,-1304.24963,289.76993,-132.60469,
0,0.77896434,55,55,0,73.40726,-1307.77478,290.18634,-126.88284,
0,0.74421996,55,55,0,70.13306,-1311.65344,290.68787,-121.37915,
0,0.71093434,55,55,0,66.99632,-1315.87439,291.27383,-116.11267,
0,0.67923313,55,55,0,64.0089,-1320.42554,291.94278,-111.10262,
0,0.64887923,55,55,0,61.14844,-1325.27209,292.61096,-106.30842,
0,0.6187467,55,55,0,58.30884,-1330.21936,293.03485,-101.5388,
0,0.58826917,55,55,0,55.43673,-1335.0199,293.15775,-96.69287,
0,0.5577473,55,55,0,52.56044,-1339.80591,293.01447,-91.82436,
0,0.52739131,55,55,0,49.69978,-1344.57471,292.66217,-86.96781,
0,0.49693054,55,55,0,46.82925,-1349.26575,292.08496,-82.07727,
0,0.46572849,55,55,0,43.88886,-1353.71387,291.26044,-77.04393,
0,0.43273485,55,55,0,40.77964,-1357.4209,290.29572,-71.6836,
0,0.39761117,55,55,0,37.46969,-1360.50037,289.07306,-65.94559,
0,0.36090675,55,55,0,34.01077,-1363.06006,287.65414,-59.92533,
0,0.32326731,55,55,0,30.46374,-1365.17517,286.13657,-53.73349,
0,0.2850886,55,55,0,26.8659,-1366.87512,284.59167,-47.43839,
0,0.2465663,55,55,0,23.23567,-1368.16003,283.06519,-41.07483,
0,0.20782243,55,55,0,19.58456,-1369.02051,281.59155,-34.66537,
0,0.16893718,55,55,0,15.92013,-1369.44592,280.19562,-28.22577,
0,0.12997918,55,55,0,12.24885,-1369.42957,278.89447,-21.77002,
0,0.09103341,55,55,0,8.57872,-1368.97144,277.70096,-15.31486,
0,0.05219937,55,55,0,4.91911,-1368.0769,276.62454,-8.8795,
0,0.01358369,55,55,0,1.28009,-1366.75391,275.67148,-2.48422,
107,0.47273687,55,55,0,7713.36865,-1365.0116,274.84506,3.85043,
107,0.31184596,55,55,0,7686.14355,-1362.85999,274.14679,10.10335,
107,0.15777396,55,55,0,7660.07275,-1360.30847,273.57605,16.25391,
107,0.01130946,55,55,0,7635.28857,-1357.36682,273.13086,22.28139,
106,0.96253902,55,55,0,7626.9707,-1354.04504,272.80862,28.16474,
106,0.9236151,55,55,0,7620.31641,-1350.35291,272.60593,33.88309,
106,0.88668793,55,55,0,7614.00342,-1346.30103,272.51913,39.41529,
106,0.85190541,55,55,0,7608.05713,-1341.89978,272.5441,44.74032,
106,0.81941366,55,55,0,7602.50195,-1337.16101,272.67691,49.83688,
106,0.78935307,55,55,0,7597.36279,-1332.0968,272.91321,54.684,
106,0.76186168,55,55,0,7592.66309,-1326.72095,273.24915,59.26048,
106,0.73707217,55,55,0,7588.42529,-1321.04834,273.68106,63.54533,
106,0.71510899,55,55,0,7584.67041,-1315.09473,274.20508,67.51814,
106,0.69608933,55,55,0,7581.41895,-1308.87769,274.81769,71.15895,
106,0.68012011,55,55,0,7578.68848,-1302.41614,275.51547,74.44854,
106,0.66729671,55,55,0,7576.49658,-1295.73047,276.29486,77.36875,
106,0.65770411,55,55,0,7574.85645,-1288.84253,277.15265,79.90237,
106,0.65141302,55,55,0,7573.78076,-1281.77551,278.08557,82.03355,
106,0.64848101,55,55,0,7573.27979,-1274.55408,279.09048,83.74782,
106,0.64894944,55,55,0,7573.35986,-1267.20447,280.16443,85.0325,
106,0.65284634,55,55,0,7574.02588,-1259.75391,281.30475,85.8764,
106,0.66018528,55,55,0,7575.28076,-1252.23059,282.50888,86.27005,
106,0.67096531,55,55,0,7577.12354,-1244.66357,283.77438,86.20583,
106,0.6851663,55,55,0,7579.55127,-1237.08301,285.09909,85.67853,
106,0.70275718,55,55,0,7582.55859,-1229.51892,286.4805,84.68454,
106,0.72368973,55,55,0,7586.13721,-1222.00208,287.91626,83.22266,
106,0.74790031,55,55,0,7590.27637,-1214.56348,289.40411,81.29386,
106,0.77530748,55,55,0,7594.96191,-1207.2345,290.94214,78.90176,
106,0.80582035,55,55,0,7600.17822,-1200.04626,292.5285,76.05155,
106,0.8393352,55,55,0,7605.90771,-1193.02954,294.16138,72.75059,
106,0.87572956,55,55,0,7612.12988,-1186.21497,295.83914,69.00911,
106,0.91487449,55,55,0,7618.82227,-1179.6322,297.55988,64.83879,
106,0.95710999,55,55,0,7626.04248,-1173.21191,299.20419,60.20502,
107,0.00168783,55,55,0,7633.66064,-1166.75012,300.48715,55.37789,
107,0.08971288,55,55,0,7648.55566,-1159.98779,301.19135,51.45285,
107,0.16194265,55,55,0,7660.77783,-1152.89172,301.33075,48.39219,
107,0.21889892,55,55,0,7670.41553,-1145.50403,301.00983,46.18068,
107,0.26343018,55,55,0,7677.95117,-1137.8949,300.31973,44.66332,
107,0.29823759,55,55,0,7683.84082,-1130.17688,299.3938,43.68398,
107,0.32490727,55,55,0,7688.354,-1122.448,298.35455,43.15189,
107,0.34401128,55,55,0,7691.58643,-1114.7616,297.27567,43.04203,
107,0.35564539,55,55,0,7693.55518,-1107.14563,296.20093,43.36157,
107,0.35982901,55,55,0,7694.26318,-1099.62134,295.16333,44.1232,
107,0.35663581,55,55,0,7693.72266,-1092.20825,294.19043,45.33617,
107,0.34616682,55,55,0,7691.95117,-1084.9209,293.30002,47.00823,
107,0.32863769,55,55,0,7688.98486,-1077.77454,292.50549,49.13885,
107,0.30435592,55,55,0,7684.87646,-1070.78674,291.81799,51.72006,
107,0.27366111,55,55,0,7679.68213,-1063.97559,291.24542,54.74022,
107,0.23689167,55,55,0,7673.46045,-1057.35962,290.79309,58.18602,
107,0.19437648,55,55,0,7666.26611,-1050.95728,290.46353,62.04314,
107,0.14643553,55,55,0,7658.15381,-1044.7876,290.25781,66.29604,
107,0.093358,55,55,0,7649.17236,-1038.86938,290.17502,70.92951,
107,0.03541371,55,55,0,7639.36768,-1033.22144,290.21295,75.92799,
106,0.98695081,55,55,0,7631.14404,-1027.74133,290.19882,81.20505,
106,0.95602888,55,55,0,7625.85791,-1022.29822,289.96722,86.50616,
106,0.92694759,55,55,0,7620.88623,-1016.76245,289.39886,91.57574,
106,0.89863139,55,55,0,7616.04492,-1011.177,288.53256,96.55759,
106,0.87140298,55,55,0,7611.39014,-1005.55005,287.41498,101.40414,
106,0.84666848,55,55,0,7607.16162,-999.77283,286.00244,105.9342,
106,0.82504368,55,55,0,7603.46484,-993.81793,284.32376,110.06373,
106,0.80812585,55,55,0,7600.57227,-987.63782,282.44867,113.57175,
106,0.7977289,55,55,0,7598.79492,-981.20197,280.48953,116.20197,
106,0.79311329,55,55,0,7598.00586,-974.48785,278.36807,118.05995,
106,0.79323429,55,55,0,7598.02637,-967.59003,276.14847,119.2746,
106,0.79731059,55,55,0,7598.72363,-960.60504,273.91577,119.93752,
106,0.80496758,55,55,0,7600.03223,-953.59436,271.73218,120.08894,
106,0.81606638,55,55,0,7601.92969,-946.59521,269.64102,119.73984,
106,0.83057261,55,55,0,7604.40967,-939.62921,267.66782,118.88924,
106,0.84842354,55,55,0,7607.46143,-932.71631,265.83011,117.54063,
106,0.86951202,55,55,0,7611.06689,-925.87756,264.14005,115.7039,
106,0.89369613,55,55,0,7615.20117,-919.13525,262.60556,113.39404,
106,0.92082304,55,55,0,7619.83887,-912.51147,261.23077,110.62787,
106,0.95073873,55,55,0,7624.95313,-906.02777,260.01639,107.42283,
106,0.98328781,55,55,0,7630.51807,-899.70587,258.96161,103.79675,
107,0.03150813,55,55,0,7638.70654,-893.56671,258.06363,99.76624,
107,0.0953024,55,55,0,7649.50146,-887.63074,257.31827,95.34734,
107,0.16226228,55,55,0,7660.83203,-881.91852,256.72098,90.55605,
107,0.23217854,55,55,0,7672.6626,-876.4505,256.26682,85.40779,
107,0.3048538,55,55,0,7684.96045,-871.24719,255.95081,79.91834,
107,0.38010955,55,55,0,7697.69482,-866.32898,255.76794,74.10328,
107,0.45777979,55,55,0,7710.83789,-861.71613,255.71304,67.97841,
107,0.53769547,55,55,0,7724.36035,-857.42877,255.78131,61.56111,
107,0.61969531,55,55,0,7738.23584,-853.48663,255.96788,54.86941,
107,0.70361924,55,55,0,7752.43701,-849.909,256.26804,47.92248,
107,0.78930384,55,55,0,7766.93604,-846.71429,256.67722,40.74104,
107,0.87657845,55,55,0,7781.7041,-843.92035,257.19153,33.3476,
107,0.96528196,55,55,0,7796.71387,-841.54395,257.80667,25.76496,
108,0.21016075,55,55,0,7820.23828,-839.60028,258.51889,18.01852,
108,0.55472755,55,55,0,7849.17529,-838.10345,259.32422,10.13402,
108,0.90129375,55,55,0,7878.28027,-837.06549,260.21902,2.13928,
0,0.04202274,55,55,1,3.9601,-836.49701,261.19977,-5.93727,
0,0.10098608,55,55,1,9.51663,-836.40637,262.26294,-14.06585,
0,0.16006888,55,55,1,15.08441,-836.80005,263.4054,-22.21578,
0,0.2190114,55,55,1,20.63898,-837.68262,264.62415,-30.35578,
0,0.27755031,55,55,1,26.15551,-839.05634,265.91617,-38.45401,
0,0.33541808,55,55,1,31.6088,-840.92065,267.27875,-46.47786,
0,0.39235285,55,55,1,36.97416,-843.27344,268.70889,-54.3953,
0,0.4480938,55,55,1,42.22702,-846.10974,270.20367,-62.17401,
0,0.50322539,55,55,1,47.42245,-849.44806,271.63123,-69.89919,
0,0.55806643,55,55,1,52.59051,-853.10266,272.85443,-77.61366,
0,0.61335677,55,55,1,57.80091,-856.67444,273.6478,-85.41006,
0,0.66828215,55,55,1,62.97691,-860.11115,274.17157,-93.17269,
0,0.72385263,55,55,1,68.21371,-862.82025,274.20697,-101.01857,
0,0.7799294,55,55,1,73.49821,-864.77234,273.82599,-108.92112,
0,0.83660889,55,55,1,78.83952,-865.94495,273.06204,-116.88635,
0,0.89352202,55,55,1,84.20284,-866.28741,272.03177,-124.85353,
0,0.95068562,55,55,1,89.58977,-865.92603,270.75549,-132.82394,
1,0.00763878,55,55,1,94.95686,-865.00214,269.3345,-140.73549,
1,0.06392653,55,55,1,100.26125,-863.60004,267.85638,-148.53194,
1,0.11936136,55,55,1,105.48526,-861.74866,266.37488,-156.1781,
1,0.17377748,55,55,1,110.61327,-859.45496,264.92822,-163.6474,
1,0.22703618,55,55,1,115.63222,-856.72192,263.54745,-170.91702,
,,,,,,,,,
,,,,,,,,,
