Checkpoint number,Checkpoint fraction,X,Y,Z
163,0.99930453,14.91366,0.90447,0.2782
0,0.00241393,14.85864,0.90505,-1.44836
0,0.00537369,14.78628,0.90533,-3.22421
0,0.00841458,14.69572,0.90533,-5.04875
0,0.01153549,14.58636,0.90511,-6.92129
0,0.01473547,14.45822,0.90484,-8.84128
0,0.01801371,14.3126,0.90463,-10.80822
0,0.02136947,14.15138,0.90451,-12.82168
0,0.0248022,13.97677,0.90443,-14.88132
0,0.02831144,13.79119,0.90448,-16.98686
0,0.03189668,13.59679,0.90456,-19.13801
0,0.03555741,13.39538,0.90464,-21.33445
0,0.03929301,13.18806,0.90467,-23.57581
0,0.04310276,12.97555,0.90473,-25.86166
0,0.04698588,12.75829,0.90467,-28.19153
0,0.05094157,12.53655,0.90469,-30.56494
0,0.05496899,12.31056,0.90468,-32.98139
0,0.05906727,12.08043,0.90467,-35.44036
0,0.06323555,11.84628,0.90468,-37.94133
0,0.06747296,11.60819,0.90468,-40.48377
0,0.07177859,11.36624,0.90468,-43.06715
0,0.07615158,11.12059,0.90468,-45.69095
0,0.08059105,10.8715,0.90468,-48.35463
0,0.08509625,10.62004,0.90469,-51.05775
0,0.08966649,10.36777,0.90468,-53.7999
0,0.09430156,10.11991,0.90467,-56.58094
0,0.09900139,9.88315,0.90467,-59.40084
0,0.10376575,9.66413,0.90467,-62.25945
0,0.10859392,9.46819,0.90465,-65.15635
0,0.11348483,9.29902,0.90465,-68.0909
0,0.11843721,9.15806,0.90461,-71.06232
0,0.12344941,9.04503,0.90455,-74.06965
0,0.1285201,8.95475,0.90458,-77.11206
0,0.13364738,8.88065,0.90466,-80.18843
0,0.13883033,8.81687,0.90473,-83.2982
0,0.14406803,8.75932,0.9047,-86.44082
0,0.14935957,8.70546,0.90474,-89.61575
0,0.15470405,8.65373,0.9047,-92.82243
0,0.16010056,8.60315,0.90473,-96.06034
0,0.16554821,8.55312,0.90467,-99.32893
0,0.17104608,8.50328,0.90469,-102.62765
0,0.17659327,8.45339,0.90472,-105.95596
0,0.1821889,8.40331,0.90473,-109.31334
0,0.18783207,8.35296,0.90468,-112.69924
0,0.19352189,8.30229,0.9047,-116.11314
0,0.19925751,8.25128,0.90474,-119.5545
0,0.20503803,8.19991,0.90469,-123.02282
0,0.21086261,8.14816,0.90471,-126.51756
0,0.21673037,8.09605,0.90471,-130.03822
0,0.22264048,8.04357,0.90472,-133.58429
0,0.2285921,7.99073,0.90473,-137.15526
0,0.23458441,7.93754,0.90467,-140.75064
0,0.24061656,7.88399,0.90468,-144.36993
0,0.24668775,7.83009,0.90471,-148.01265
0,0.25279719,7.77586,0.90473,-151.67831
0,0.25894406,7.72129,0.90467,-155.36644
0,0.2651276,7.6664,0.90469,-159.07655
0,0.27134699,7.61119,0.90473,-162.8082
0,0.27760151,7.55567,0.90468,-166.56091
0,0.28389043,7.49984,0.9047,-170.33426
0,0.29021296,7.44372,0.90473,-174.12778
0,0.29656836,7.3873,0.90468,-177.94102
0,0.30295596,7.3306,0.9047,-181.77357
0,0.30937499,7.27362,0.90473,-185.62498
0,0.31582478,7.21637,0.90469,-189.49486
0,0.32230461,7.15885,0.90471,-193.38277
0,0.32881382,7.10106,0.90472,-197.2883
0,0.33535177,7.04303,0.90473,-201.21106
0,0.34191775,6.98474,0.90468,-205.15065
0,0.34851116,6.92621,0.90469,-209.10669
0,0.35513133,6.86745,0.90473,-213.0788
0,0.36177766,6.80845,0.90468,-217.06659
0,0.36844951,6.74922,0.9047,-221.0697
0,0.37514627,6.68978,0.90473,-225.08777
0,0.38186741,6.63012,0.90468,-229.12044
0,0.3886123,6.57024,0.9047,-233.16737
0,0.39538038,6.51016,0.90474,-237.22823
0,0.40217111,6.44988,0.90469,-241.30266
0,0.40898389,6.38941,0.90472,-245.39034
0,0.41581824,6.32874,0.90473,-249.49095
0,0.42267361,6.26789,0.90467,-253.60417
0,0.42954952,6.20685,0.90469,-257.72971
0,0.43644542,6.1458,0.90473,-261.86725
0,0.44336081,6.08549,0.90468,-266.01648
0,0.45029527,6.02707,0.9047,-270.17715
0,0.45724833,5.97159,0.90474,-274.349
0,0.46421951,5.9197,0.9047,-278.53171
0,0.47120833,5.87182,0.90473,-282.72501
0,0.47821435,5.82824,0.90467,-286.92862
0,0.48538026,5.78854,0.90469,-291.22815
0,0.49261388,5.7533,0.90473,-295.56833
0,0.49993041,5.72158,0.90468,-299.95825
0,0.50732023,5.69231,0.90471,-304.39212
0,0.51478767,5.66445,0.90473,-308.87262
0,0.52232933,5.63741,0.90468,-313.39761
0,0.52997905,5.61065,0.9047,-317.98743
0,0.53769237,5.5841,0.90473,-322.61542
0,0.54549265,5.55751,0.90469,-327.29559
0,0.55336618,5.53084,0.90472,-332.01971
0,0.56131959,5.504,0.90474,-336.79175
0,0.56934822,5.47697,0.90469,-341.60892
0,0.57745355,5.44972,0.90473,-346.47214
0,0.58563387,5.42224,0.90467,-351.38031
0,0.59388906,5.39453,0.9047,-356.33344
0,0.60221809,5.36658,0.90473,-361.33087
0,0.61062056,5.33841,0.90469,-366.37234
0,0.61909568,5.31023,0.90472,-371.4574
0,0.62764269,5.28237,0.90474,-376.58563
0,0.63626105,5.25639,0.9047,-381.75662
0,0.64494991,5.23341,0.90472,-386.96994
0,0.65370852,5.21457,0.90474,-392.22513
0,0.6625362,5.2006,0.90469,-397.52173
0,0.6714322,5.19199,0.90471,-402.85931
0,0.68039572,5.18909,0.90473,-408.23743
0,0.689426,5.19215,0.90468,-413.65561
0,0.69852233,5.20136,0.90471,-419.1134
0,0.70768392,5.21686,0.90473,-424.61035
0,0.71690995,5.23768,0.90468,-430.14597
0,0.72619969,5.26244,0.90471,-435.71982
0,0.73555243,5.28973,0.90473,-441.33145
0,0.7449674,5.31865,0.90469,-446.98044
0,0.75444388,5.34866,0.90472,-452.66632
0,0.76398104,5.37942,0.90475,-458.38861
0,0.77357811,5.41072,0.90471,-464.14688
0,0.78323436,5.44243,0.90473,-469.94061
0,0.7929489,5.47446,0.90469,-475.76935
0,0.80272102,5.50677,0.90472,-481.63263
0,0.81254989,5.53958,0.90474,-487.52994
0,0.82243466,5.57329,0.9047,-493.46082
0,0.83237457,5.60964,0.9047,-499.42474
0,0.84218091,5.64944,0.90474,-505.30853
0,0.85199082,5.69646,0.90477,-511.19449
0,0.86177957,5.75245,0.90475,-517.06775
0,0.87155098,5.81952,0.90474,-522.9306
0,0.88130379,5.89891,0.90473,-528.78229
0,0.89103782,5.99138,0.90472,-534.62268
0,0.90075254,6.09693,0.90472,-540.45154
0,0.91044772,6.21488,0.90473,-546.26862
0,0.92012286,6.34419,0.90468,-552.07373
0,0.92977792,6.4838,0.90471,-557.86676
0,0.93941265,6.6328,0.90473,-563.64758
0,0.9490267,6.79064,0.90469,-569.41602
0,0.95861989,6.95829,0.90472,-575.17194
0,0.96819186,7.13686,0.90474,-580.9151
0,0.9777422,7.32809,0.9047,-586.64532
0,0.98727071,7.53344,0.90472,-592.36243
0,0.99677676,7.7563,0.90474,-598.06604
1,0.01349662,8.00005,0.9047,-603.75592
1,0.03371362,8.26717,0.90823,-609.4317
1,0.05367132,8.55954,0.92744,-615.09296
1,0.07337738,8.87842,0.97318,-620.73932
1,0.09283909,9.22448,1.05158,-626.37036
1,0.11206394,9.59869,1.16304,-631.98572
1,0.13105918,10.00211,1.30421,-637.58496
1,0.14983228,10.43531,1.46984,-643.16779
1,0.16839093,10.8988,1.65406,-648.73401
1,0.18674284,11.3935,1.8526,-654.28345
1,0.2048955,11.92062,2.06301,-659.8158
1,0.22285667,12.48615,2.28529,-665.33008
1,0.24063537,13.09658,2.52083,-670.82532
1,0.2582401,13.76015,2.77134,-676.29974
1,0.27568036,14.48376,3.03872,-681.75183
1,0.29296499,15.27336,3.32414,-687.17969
1,0.31010345,16.13963,3.62711,-692.58026
1,0.32710919,17.09749,3.94531,-697.9502
1,0.34399417,18.16121,4.27542,-703.28503
1,0.3607679,19.34258,4.61328,-708.57947
1,0.37744236,20.65129,4.95421,-713.82898
1,0.39402312,22.09041,5.29385,-719.0285
1,0.41051844,23.66057,5.62815,-724.17444
1,0.42693609,25.36191,5.95273,-729.26318
1,0.44328249,27.19283,6.26384,-734.29132
1,0.45956531,29.15247,6.55765,-739.25555
1,0.47579098,31.23918,6.83044,-744.15259
1,0.4919658,33.45116,7.07873,-748.97913
1,0.50809598,35.78594,7.29914,-753.73224
1,0.52418733,38.24093,7.48856,-758.409
1,0.54024565,40.81335,7.64396,-763.00659
1,0.55627686,43.49971,7.76229,-767.52283
1,0.57228643,46.2947,7.84119,-771.95618
1,0.58828396,49.1912,7.87974,-776.30792
1,0.6042788,52.17274,7.88094,-780.58447
1,0.62028527,55.22049,7.84996,-784.79633
1,0.63632184,58.31779,7.79285,-788.95551
1,0.65240294,61.4478,7.71693,-793.07379
1,0.66854191,64.5971,7.62927,-797.16168
1,0.68474859,67.75687,7.5362,-801.22656
1,0.7010293,70.92149,7.44249,-805.27313
1,0.71738827,74.08788,7.35267,-809.30408
1,0.73382837,77.25455,7.27027,-813.32074
1,0.75035167,80.42123,7.19917,-817.32349
1,0.76695991,83.58784,7.14177,-821.3125
1,0.78365475,86.75516,7.10019,-825.28711
1,0.80043751,89.92462,7.0757,-829.24615
1,0.81731039,93.09765,7.06919,-833.18848
1,0.83427465,96.27884,7.0791,-837.11029
1,0.85133326,99.47569,7.10076,-841.00531
1,0.8684901,102.69566,7.12941,-844.86719
1,0.88574982,105.94466,7.16105,-848.69043
1,0.90311795,109.22646,7.1925,-852.47113
1,0.92060035,112.54324,7.22211,-856.20654
1,0.93820393,115.89581,7.24796,-859.89514
1,0.95593554,119.28358,7.2696,-863.53668
1,0.97380203,122.70474,7.28782,-867.1319
1,0.99181151,126.15458,7.3052,-870.68494
2,0.00991187,129.6274,7.32588,-874.20044
2,0.02782272,133.11832,7.35386,-877.68323
2,0.0455129,136.6237,7.39586,-881.13684
2,0.06298976,140.14091,7.45778,-884.56372
2,0.0802599,143.66797,7.5443,-887.96582
2,0.09732916,147.20311,7.65787,-891.34473
2,0.11420298,150.74516,7.79923,-894.70142
2,0.1308886,154.29732,7.96428,-898.03271
2,0.14739503,157.86411,8.14726,-901.33411
2,0.16373135,161.45097,8.34198,-904.59985
2,0.1799072,165.06259,8.54323,-907.82483
2,0.19593172,168.70273,8.74689,-911.00439
2,0.21181436,172.37689,8.94768,-914.13147
2,0.22756733,176.09253,9.1393,-917.19696
2,0.2432007,179.85579,9.31568,-920.19171
2,0.25872335,183.67,9.47277,-923.10919
2,0.27414104,187.53601,9.60815,-925.94464
2,0.28946221,191.45424,9.7203,-928.69495
2,0.30469191,195.42297,9.80881,-931.35834
2,0.31983662,199.44012,9.87396,-933.93469
2,0.33490238,203.50217,9.91754,-936.42609
2,0.34989381,207.60414,9.94267,-938.83673
2,0.36481774,211.74236,9.95248,-941.17084
2,0.37968084,215.91313,9.94986,-943.4328
2,0.39448842,220.11285,9.93798,-945.62695
2,0.4092477,224.33855,9.92005,-947.75793
2,0.42396328,228.58768,9.89799,-949.82874
2,0.43864158,232.85913,9.87283,-951.84088
2,0.45328766,237.15204,9.84496,-953.79462
2,0.46790683,241.46521,9.81523,-955.69122
2,0.48250341,245.79745,9.78424,-957.53143
2,0.49708286,250.14842,9.75188,-959.31512
2,0.51164985,254.51758,9.71773,-961.04175
2,0.52620912,258.90439,9.68157,-962.71094
2,0.54076523,263.30835,9.64312,-964.32227
2,0.555323,267.72891,9.60229,-965.87524
2,0.56988728,272.16513,9.55974,-967.37079
2,0.58446223,276.61594,9.51577,-968.80951
2,0.5990532,281.08102,9.47033,-970.1911
2,0.61366481,285.55951,9.42372,-971.51636
2,0.62830126,290.05054,9.37624,-972.78528
2,0.64296782,294.55386,9.32765,-973.99731
2,0.65766883,299.06894,9.27755,-975.15173
2,0.67240906,303.59521,9.22556,-976.24805
2,0.68719333,308.13214,9.17136,-977.28564
2,0.70202661,312.67886,9.11579,-978.2655
2,0.71691328,317.23444,9.05894,-979.18811
2,0.73185891,321.79849,9.00073,-980.05316
2,0.74686825,326.37042,8.94088,-980.85992
2,0.7619465,330.94962,8.87903,-981.60815
2,0.77709901,335.53537,8.81581,-982.29846
2,0.79233038,340.12674,8.75144,-982.93127
2,0.80764699,344.72324,8.68644,-983.50763
2,0.82305342,349.32397,8.62099,-984.02765
2,0.83855617,353.92856,8.5554,-984.49188
2,0.85416096,358.53601,8.49183,-984.90405
2,0.869874,363.1452,8.43498,-985.27246
2,0.88570094,367.75513,8.39001,-985.60608
2,0.90164793,372.36542,8.36109,-985.91235
2,0.91771948,376.97571,8.35123,-986.19641
2,0.93391961,381.58575,8.3622,-986.46143
2,0.95025164,386.19534,8.39525,-986.70929
2,0.96671909,390.80432,8.451,-986.94135
2,0.98332506,395.41254,8.52978,-987.15845
3,2.487e-05,400.01981,8.63173,-987.36108
3,0.00578266,404.62604,8.75682,-987.5498
3,0.01153911,409.2312,8.8985,-987.72852
3,0.01729416,413.83524,9.04462,-987.90436
3,0.02304798,418.43829,9.18499,-988.08325
3,0.02880066,423.04044,9.31414,-988.26849
3,0.03455226,427.64172,9.43098,-988.46075
3,0.04030276,432.24213,9.53792,-988.65863
3,0.04605216,436.84164,9.63891,-988.85992
3,0.05180045,441.44028,9.73855,-989.06201
3,0.05754756,446.03796,9.84092,-989.26447
3,0.06329337,450.63461,9.94966,-989.46863
3,0.06903781,455.23016,10.06619,-989.67603
3,0.07478072,459.82449,10.19051,-989.88806
3,0.08052211,464.4176,10.32067,-990.10535
3,0.08626208,469.00958,10.45447,-990.32739
3,0.0920008,473.60056,10.58994,-990.55353
3,0.09773836,478.19061,10.72559,-990.78284
3,0.10347498,482.77991,10.86096,-991.01422
3,0.10921072,487.3685,10.99575,-991.24713
3,0.11494562,491.95642,11.13017,-991.48096
3,0.12067976,496.54373,11.26448,-991.71527
3,0.12641317,501.13046,11.39882,-991.94977
3,0.1321459,505.71664,11.5332,-992.18378
3,0.13787806,510.30237,11.6671,-992.41638
3,0.14360967,514.8877,11.8,-992.64655
3,0.14934096,519.47272,11.93125,-992.87354
3,0.15507191,524.0575,12.06029,-993.09656
3,0.16080259,528.64203,12.18674,-993.31512
3,0.16653295,533.22632,12.31044,-993.52911
3,0.17226301,537.81036,12.43171,-993.73926
3,0.17799267,542.3941,12.55085,-993.94647
3,0.18372197,546.97754,12.66866,-994.15173
3,0.1894508,551.56061,12.78579,-994.35559
3,0.19517918,556.14331,12.90246,-994.55853
3,0.20090711,560.72565,13.01908,-994.7608
3,0.20663457,565.30762,13.13564,-994.96265
3,0.21236165,569.88928,13.25212,-995.16425
3,0.21808827,574.47058,13.3686,-995.3656
3,0.22381443,579.05151,13.48503,-995.56702
3,0.22954021,583.63214,13.60146,-995.76843
3,0.23526561,588.21246,13.7178,-995.96991
3,0.24110904,592.88721,13.83644,-996.17554
3,0.24700382,597.60303,13.95483,-996.38086
3,0.25295499,602.36395,14.07151,-996.58331
3,0.25895908,607.16724,14.1848,-996.77979
3,0.26501742,612.01392,14.29317,-996.96765
3,0.27112857,616.90283,14.39483,-997.14362
3,0.27729267,621.83411,14.48806,-997.30493
3,0.28350872,626.80695,14.57163,-997.44934
3,0.28977633,631.82104,14.64524,-997.57642
3,0.29609448,636.87555,14.71079,-997.68945
3,0.30246234,641.96985,14.7706,-997.7923
3,0.30887935,647.10345,14.82684,-997.88916
3,0.31534496,652.27594,14.88094,-997.9826
3,0.32185861,657.48688,14.9338,-998.07416
3,0.32841969,662.73572,14.98602,-998.16479
3,0.33502758,668.02203,15.03798,-998.25507
3,0.34168169,673.34534,15.08997,-998.34534
3,0.34838146,678.70514,15.14213,-998.43579
3,0.35512629,684.10101,15.19454,-998.52655
3,0.36191553,689.53241,15.24723,-998.6178
3,0.36874864,694.9989,15.30023,-998.70953
3,0.37562501,700.5,15.35351,-998.80176
3,0.38254395,706.03516,15.40708,-998.89447
3,0.38950503,711.604,15.45968,-998.98553
3,0.39650765,717.20612,15.50904,-999.07104
3,0.40355128,722.841,15.55298,-999.14722
3,0.41063517,728.50812,15.58894,-999.20953
3,0.41775879,734.20703,15.61476,-999.25433
3,0.42492136,739.93707,15.62961,-999.28021
3,0.43212196,745.69757,15.63362,-999.28711
3,0.43936005,751.48804,15.62868,-999.2785
3,0.44663483,757.30786,15.61726,-999.25861
3,0.45394593,763.15674,15.60151,-999.23132
3,0.4612928,769.03424,15.58306,-999.1994
3,0.46867487,774.93988,15.56293,-999.16449
3,0.47609153,780.87323,15.54169,-999.12769
3,0.48340523,786.72418,15.5201,-999.09045
3,0.49070939,792.5675,15.49821,-999.05255
3,0.49798247,798.38599,15.47624,-999.0144
3,0.50522995,804.18396,15.45424,-998.97626
3,0.51245087,809.96069,15.43225,-998.93817
3,0.51964575,815.71661,15.4103,-998.90015
3,0.52681494,821.45197,15.38832,-998.86212
3,0.53395867,827.16693,15.36634,-998.82422
3,0.54107714,832.86169,15.34441,-998.78644
3,0.54817063,838.5365,15.32258,-998.74872
3,0.5552395,844.19159,15.30081,-998.71112
3,0.56228393,849.82715,15.27916,-998.67358
3,0.56930429,855.44342,15.25759,-998.63617
3,0.57630074,861.04059,15.23606,-998.59894
3,0.58327353,866.61884,15.2146,-998.56177
3,0.59022301,872.17841,15.1932,-998.52472
3,0.59714943,877.71954,15.17187,-998.48779
3,0.60405296,883.24237,15.15061,-998.45099
3,0.6109339,888.74713,15.12942,-998.41431
3,0.61779249,894.23401,15.10831,-998.37775
3,0.62462896,899.70319,15.08726,-998.34131
3,0.63144362,905.15491,15.06629,-998.30499
3,0.6382367,910.58936,15.04539,-998.2688
3,0.64500827,916.00665,15.02456,-998.23267
3,0.65175879,921.40704,15.0038,-998.19666
3,0.65848845,926.79077,14.98306,-998.16083
3,0.66519743,932.15796,14.96241,-998.12506
3,0.67188597,937.50879,14.94184,-998.08942
3,0.6785543,942.84344,14.92127,-998.05389
3,0.6852026,948.16211,14.90083,-998.01843
3,0.69183123,953.46503,14.88042,-997.98309
3,0.69844037,958.75232,14.8601,-997.94781
3,0.7050302,964.02417,14.83985,-997.91266
3,0.7116009,969.28076,14.81963,-997.87762
3,0.71815276,974.52222,14.79947,-997.84271
3,0.72468597,979.74878,14.77936,-997.80786
3,0.7312007,984.96057,14.75925,-997.77319
3,0.73769724,990.15784,14.73925,-997.73859
3,0.74417585,995.3407,14.71934,-997.70404
3,0.75063658,1000.50928,14.69947,-997.66956
3,0.75707972,1005.66382,14.67963,-997.63519
3,0.76350552,1010.80444,14.65981,-997.60095
3,0.76991415,1015.93134,14.64007,-997.56683
3,0.77630574,1021.04462,14.62045,-997.53271
3,0.78268069,1026.14453,14.60086,-997.49872
3,0.7890389,1031.23108,14.58132,-997.46478
3,0.79538071,1036.30457,14.56181,-997.43097
3,0.80170643,1041.36511,14.54233,-997.39728
3,0.80801606,1046.41284,14.5229,-997.36365
3,0.8143099,1051.44788,14.50348,-997.33014
3,0.82058811,1056.47046,14.48409,-997.29669
3,0.82685089,1061.48071,14.46483,-997.26331
3,0.83309847,1066.47876,14.4456,-997.22998
3,0.83933091,1071.46472,14.42646,-997.19672
3,0.84554845,1076.43872,14.40732,-997.16357
3,0.85175127,1081.401,14.38826,-997.13049
3,0.8579396,1086.35168,14.36921,-997.09753
3,0.86411363,1091.29089,14.3502,-997.06464
3,0.87027377,1096.21899,14.33125,-997.0318
3,0.87642044,1101.13635,14.31235,-996.99902
3,0.88255417,1106.04333,14.29349,-996.96631
3,0.88867527,1110.94019,14.27465,-996.93365
3,0.89478409,1115.82727,14.25585,-996.90106
3,0.90088123,1120.70496,14.23707,-996.86853
3,0.90696687,1125.57349,14.21831,-996.83612
3,0.91304153,1130.43323,14.19961,-996.80371
3,0.91910553,1135.28442,14.18096,-996.77136
3,0.92515916,1140.12732,14.16232,-996.73914
3,0.93120271,1144.96216,14.1437,-996.70691
3,0.93723649,1149.78918,14.12511,-996.67474
3,0.94326097,1154.60876,14.10659,-996.64264
3,0.94927627,1159.42102,14.08807,-996.61053
3,0.95528275,1164.2262,14.0695,-996.57843
3,0.9612807,1169.02454,14.05097,-996.54645
3,0.9672702,1173.81616,14.03243,-996.51453
3,0.97325164,1178.60132,14.01394,-996.48267
3,0.97922534,1183.38025,13.99554,-996.45074
3,0.98519152,1188.1532,13.9772,-996.41888
3,0.99115038,1192.92029,13.95891,-996.38702
3,0.99710202,1197.68164,13.93987,-996.35394
4,0.00609344,1202.43738,13.91895,-996.3175
4,0.01796843,1207.18738,13.90928,-996.26587
4,0.02982878,1211.93152,13.93373,-996.18219
4,0.04167508,1216.67004,13.98255,-996.06995
4,0.05350766,1221.40308,14.03993,-995.93713
4,0.06532711,1226.13086,14.08993,-995.79248
4,0.07713465,1230.85388,14.12062,-995.64337
4,0.08893122,1235.57251,14.1272,-995.49567
4,0.1007171,1240.28687,14.1108,-995.35211
4,0.11249261,1244.99707,14.07617,-995.21313
4,0.12425774,1249.70313,14.02996,-995.07721
4,0.13601279,1254.40515,13.97823,-994.94232
4,0.14775839,1259.10339,13.9253,-994.80688
4,0.15949453,1263.79785,13.8737,-994.66992
4,0.17122182,1268.48877,13.82402,-994.53137
4,0.18294056,1273.17627,13.77535,-994.39209
4,0.19465075,1277.86035,13.72614,-994.25317
4,0.20635302,1282.54126,13.67472,-994.11572
4,0.21804735,1287.21899,13.6196,-993.98065
4,0.22997667,1291.99072,13.5588,-993.8457
4,0.24200913,1296.80371,13.49295,-993.7124
4,0.25415024,1301.66016,13.42243,-993.58032
4,0.26639509,1306.55811,13.34769,-993.44922
4,0.27874494,1311.49805,13.26947,-993.31866
4,0.29125866,1316.50354,13.1876,-993.18787
4,0.30385542,1321.54224,13.10256,-993.05762
4,0.31657818,1326.63135,13.01435,-992.92737
4,0.32940197,1331.76086,12.92262,-992.79749
4,0.34233865,1336.93555,12.8271,-992.66809
4,0.35538003,1342.1521,12.7276,-992.53937
4,0.36852914,1347.41174,12.62393,-992.41132
4,0.38178259,1352.71313,12.51622,-992.28406
4,0.39514074,1358.0564,12.4048,-992.15741
4,0.40860173,1363.4408,12.29014,-992.03113
4,0.42216465,1368.86597,12.17257,-991.90515
4,0.4358283,1374.33142,12.05212,-991.77942
4,0.4495917,1379.83679,11.92902,-991.65387
4,0.46345371,1385.38159,11.80352,-991.5285
4,0.47741336,1390.96545,11.67552,-991.40332
4,0.49146912,1396.58777,11.54471,-991.2785
4,0.50562012,1402.24817,11.41082,-991.15424
4,0.5198651,1407.94617,11.27388,-991.03046
4,0.53420287,1413.68127,11.1338,-990.90723
4,0.54863214,1419.453,10.99101,-990.78436
4,0.56315213,1425.26099,10.84562,-990.66168
4,0.57776117,1431.10461,10.69811,-990.539
4,0.59245843,1436.98352,10.54822,-990.41565
4,0.60724235,1442.89709,10.39571,-990.28992
4,0.62211174,1448.84485,10.24005,-990.1604
4,0.63706505,1454.82617,10.08097,-990.02588
4,0.65210104,1460.84058,9.91819,-989.88562
4,0.66721821,1466.88745,9.75172,-989.73871
4,0.68241566,1472.96643,9.58108,-989.58368
4,0.6976915,1479.07678,9.40561,-989.41846
4,0.71304458,1485.21802,9.22526,-989.24103
4,0.72847307,1491.3894,9.04008,-989.05048
4,0.743976,1497.59058,8.85084,-988.84705
4,0.75955248,1503.82117,8.65929,-988.63293
4,0.77520156,1510.08081,8.46723,-988.41064
4,0.79061842,1516.24756,8.28053,-988.18683
4,0.80602276,1522.4093,8.09775,-987.95953
4,0.8213737,1528.54968,7.9202,-987.73029
4,0.83667916,1534.67188,7.74836,-987.49951
4,0.85193795,1540.77539,7.58259,-987.26758
4,0.86715007,1546.86023,7.4231,-987.03473
4,0.88231575,1552.92651,7.27009,-986.80109
4,0.89743477,1558.97412,7.12372,-986.56671
4,0.91250736,1565.00317,6.98427,-986.3316
4,0.92753363,1571.01367,6.85204,-986.09589
4,0.94251376,1577.00574,6.72754,-985.8595
4,0.95744783,1582.97937,6.61116,-985.6225
4,0.97233582,1588.93457,6.50354,-985.38489
4,0.98717773,1594.87134,6.40519,-985.14679
5,0.00197388,1600.78979,6.3166,-984.90826
5,0.01672425,1606.68994,6.23807,-984.66956
5,0.03142915,1612.5719,6.1699,-984.43079
5,0.04608858,1618.43567,6.11229,-984.19214
5,0.06070284,1624.28137,6.06559,-983.95386
5,0.07527193,1630.10901,6.02979,-983.71625
5,0.08979617,1635.9187,6.00499,-983.47949
5,0.10427555,1641.71045,5.99142,-983.2439
5,0.11871036,1647.48438,5.98899,-983.00977
5,0.13310093,1653.2406,5.99784,-982.77734
5,0.14744724,1658.97913,6.0181,-982.54681
5,0.16174932,1664.69995,6.04973,-982.31854
5,0.17600775,1670.40332,6.09266,-982.09277
5,0.19022253,1676.08923,6.14673,-981.86975
5,0.20439398,1681.75781,6.21181,-981.64966
5,0.2185221,1687.40906,6.28767,-981.4328
5,0.23260719,1693.04309,6.37415,-981.21942
5,0.24664955,1698.66003,6.47079,-981.00958
5,0.2606495,1704.26001,6.57737,-980.80353
5,0.274607,1709.84302,6.69335,-980.60132
5,0.28852272,1715.4093,6.81829,-980.40308
5,0.30239663,1720.95886,6.95243,-980.20758
5,0.31622842,1726.49158,7.09646,-980.01215
5,0.3300181,1732.00745,7.25179,-979.81311
5,0.34376538,1737.50635,7.42,-979.60718
5,0.35746989,1742.98816,7.60322,-979.39087
5,0.37113109,1748.45264,7.80364,-979.16156
5,0.38474834,1753.89954,8.02384,-978.91809
5,0.39832196,1759.32898,8.26476,-978.6615
5,0.41185194,1764.74097,8.52718,-978.39404
5,0.42533919,1770.13586,8.80987,-978.12048
5,0.43878463,1775.51404,9.11089,-977.84613
5,0.45218948,1780.87598,9.42781,-977.5755
5,0.46555495,1786.22217,9.75803,-977.31177
5,0.47888198,1791.55298,10.09948,-977.05634
5,0.49217117,1796.86865,10.4501,-976.80951
5,0.50542283,1802.16931,10.80824,-976.57104
5,0.51863754,1807.4552,11.17294,-976.33984
5,0.53181535,1812.72632,11.54422,-976.11426
5,0.54495591,1817.98254,11.92274,-975.89294
5,0.55805802,1823.22339,12.31429,-975.67102
5,0.57111955,1828.448,12.72828,-975.44196
5,0.58413744,1833.65515,13.17429,-975.20032
5,0.59710896,1838.84375,13.66029,-974.94275
5,0.61003131,1844.0127,14.19231,-974.66846
5,0.62290239,1849.16113,14.77486,-974.37885
5,0.63572007,1854.28821,15.41142,-974.07721
5,0.64848375,1859.39368,16.10303,-973.76862
5,0.66119283,1864.47729,16.84947,-973.45959
5,0.67384785,1869.53931,17.64959,-973.15692
5,0.68644917,1874.57983,18.50142,-972.86725
5,0.69899893,1879.59973,19.40097,-972.59729
5,0.71149832,1884.59949,20.34342,-972.35236
5,0.72394979,1889.58008,21.32451,-972.13708
5,0.73635429,1894.54187,22.34069,-971.95447
5,0.74871117,1899.48462,23.39169,-971.80664
5,0.76101923,1904.40784,24.47892,-971.69543
5,0.77327627,1909.31067,25.60378,-971.62341
5,0.78547937,1914.19189,26.7683,-971.5943
5,0.79762751,1919.05115,27.97244,-971.61322
5,0.80971795,1923.88733,29.21561,-971.68634
5,0.8217541,1928.70178,30.49048,-971.81989
5,0.83367485,1933.47009,31.85744,-972.03461
5,0.84533471,1938.13403,33.42994,-972.37555
5,0.85619897,1942.47974,35.44635,-972.9549
5,0.86658901,1946.63574,37.93056,-973.8551
5,0.87686396,1950.74573,40.42504,-975.48541
5,0.88717496,1954.87012,42.77721,-977.49829
5,0.89728302,1958.91333,45.44734,-979.10864
5,0.90631068,1962.52441,48.2846,-980.6286
5,0.91455716,1965.823,51.17594,-982.02325
5,0.92205775,1968.82324,54.14008,-983.24408
5,0.9289102,1971.56421,57.1774,-984.25122
5,0.9352597,1974.104,60.27694,-985.02148
5,0.94126433,1976.50586,63.42153,-985.54944
5,0.94706482,1978.82605,66.58974,-985.84595
5,0.95276916,1981.10779,69.75807,-985.93396
5,0.95845002,1983.38013,72.90395,-985.84186
5,0.96415097,1985.66052,76.00748,-985.59863
5,0.96989626,1987.95862,79.05303,-985.22943
5,0.97569764,1990.27917,82.02884,-984.75482
5,0.98156005,1992.62415,84.92666,-984.19031
5,0.98748535,1994.99426,87.74105,-983.54706
5,0.99347383,1997.38965,90.4686,-982.83295
5,0.99952513,1999.81018,93.10737,-982.05322
6,0.01205094,2002.25598,95.65632,-981.21161
6,0.02527206,2004.72693,98.11519,-980.3103
6,0.03865478,2007.22314,100.48407,-979.35089
6,0.05220444,2009.74475,102.7632,-978.33466
6,0.06592513,2012.29163,104.95303,-977.26257
6,0.07981969,2014.8634,107.05424,-976.13501
6,0.09389241,2017.45996,109.06741,-974.95264
6,0.10814624,2020.08093,110.99324,-973.71594
6,0.12258413,2022.72595,112.83237,-972.42554
6,0.13720812,2025.39441,114.58554,-971.08191
6,0.1520208,2028.08582,116.25353,-969.68549
6,0.16702414,2030.79956,117.83718,-968.23657
6,0.18222027,2033.53503,119.33729,-966.73566
6,0.19761232,2036.29175,120.7547,-965.18311
6,0.21320157,2039.06897,122.0903,-963.57928
6,0.22899151,2041.86621,123.34491,-961.92474
6,0.2449844,2044.68286,124.51939,-960.21997
6,0.2611835,2047.51843,125.61459,-958.46558
6,0.27759185,2050.37231,126.63142,-956.66211
6,0.29421255,2053.24414,127.57077,-954.81012
6,0.31104881,2056.1333,128.43352,-952.9104
6,0.32810408,2059.03931,129.22057,-950.96368
6,0.34538043,2061.96143,129.93292,-948.97058
6,0.36288282,2064.89941,130.57153,-946.93176
6,0.38061789,2067.85327,131.13734,-944.8479
6,0.39859492,2070.82349,131.63129,-942.71948
6,0.41683298,2073.81226,132.05421,-940.5462
6,0.43536466,2076.82422,132.40524,-938.32898
6,0.45357192,2079.74683,132.69232,-936.07513
6,0.4712131,2082.52246,132.94899,-933.71545
6,0.48818082,2085.11914,133.20126,-931.19232
6,0.50440681,2087.51563,133.46356,-928.47412
6,0.51983392,2089.69629,133.74232,-925.54712
6,0.53439903,2091.64722,134.03912,-922.40991
6,0.54802305,2093.35498,134.3521,-919.07233
6,0.56059861,2094.80762,134.67374,-915.56891
6,0.57202399,2095.99341,135.00063,-911.92297
6,0.58219701,2096.90112,135.33098,-908.15417
6,0.59102213,2097.52197,135.66345,-904.28143
6,0.59840512,2097.84888,135.99698,-900.32391
6,0.60425645,2097.87671,136.33081,-896.30133
6,0.60848933,2097.60229,136.66444,-892.23291
6,0.61101961,2097.02368,136.9976,-888.13776
6,0.61177015,2096.14111,137.33009,-884.03436
6,0.61066651,2094.95581,137.66176,-879.94031
6,0.60763931,2093.47046,137.99245,-875.87244
6,0.6026234,2091.68872,138.3219,-871.84668
6,0.59555662,2089.61499,138.64973,-867.87781
6,0.58638465,2087.25464,138.97513,-863.97913
6,0.57505518,2084.61328,139.29668,-860.1626
6,0.56152368,2081.69751,139.61237,-856.43896
6,0.54575247,2078.5144,139.91963,-852.81787
6,0.52770793,2075.07129,140.21524,-849.30768
6,0.50736219,2071.37549,140.495,-845.91553
6,0.48471779,2067.43896,140.75591,-842.65009
6,0.45984766,2063.28345,141.00244,-839.52557
6,0.43277848,2058.92285,141.24129,-836.55634
6,0.40352878,2054.36816,141.47923,-833.7561
6,0.37211388,2049.62842,141.72224,-831.13745
6,0.33856678,2044.7135,141.97566,-828.71222
6,0.30294096,2039.63391,142.24425,-826.49152
6,0.26530114,2034.40015,142.53204,-824.48578
6,0.22572802,2029.02271,142.84242,-822.7049
6,0.18432574,2023.51306,143.17819,-821.15814
6,0.14121497,2017.88281,143.5417,-819.85437
6,0.09654036,2012.14441,143.93512,-818.802
6,0.05046232,2006.3103,144.36032,-818.00897
6,0.00316275,2000.39355,144.81885,-817.48297
5,0.98596221,1994.38501,145.18584,-817.14117
5,0.97109437,1988.43787,144.95715,-816.3877
5,0.95650387,1982.60168,144.30785,-815.31421
5,0.94216579,1976.86646,143.28622,-813.95728
5,0.92818296,1971.27332,141.96132,-812.32343
5,0.91461819,1965.84741,140.37416,-810.41559
5,0.90152919,1960.61182,138.55873,-808.23639
5,0.88916838,1955.66748,136.54324,-805.69995
5,0.87863427,1951.45386,134.53952,-802.5235
5,0.86965114,1947.8606,132.36172,-798.68451
5,0.86197752,1944.79114,130.03897,-794.32965
5,0.85545802,1942.18335,127.6517,-789.60565
5,0.85001951,1940.00793,125.27334,-784.61615
5,0.8456561,1938.26257,122.9548,-779.41962
5,0.84239191,1936.95691,120.73157,-774.05194
5,0.84025329,1936.10144,118.62579,-768.53998
5,0.83925509,1935.70215,116.65295,-762.9118
5,0.8393994,1935.75989,114.82335,-757.19739
5,0.84067935,1936.27185,113.14298,-751.42773
5,0.84308225,1937.23303,111.61459,-745.63422
5,0.84659213,1938.63696,110.23863,-739.84796
5,0.8511911,1940.47656,109.01328,-734.09924
5,0.85685974,1942.74402,107.93548,-728.41791
5,0.8635779,1945.43127,107.00137,-722.83325
5,0.87132448,1948.52991,106.20664,-717.37445
5,0.88007629,1952.03064,105.54669,-712.07043
5,0.88980836,1955.92346,105.01693,-706.95001
5,0.90049314,1960.19739,104.61259,-702.04181
5,0.91209841,1964.83948,104.32933,-697.37457
5,0.92458892,1969.83569,104.16281,-692.97675
5,0.93792421,1975.1698,104.1087,-688.87616
5,0.95205843,1980.82349,104.16283,-685.10016
5,0.96694028,1986.77625,104.32136,-681.67529
5,0.98251343,1993.00549,104.58053,-678.62695
5,0.99819827,1999.27942,104.29316,-675.31683
6,0.07170855,2004.93994,103.62855,-671.52856
6,0.14555667,2009.83447,102.57072,-667.09576
6,0.21523649,2014.19824,101.0517,-662.0509
6,0.28273225,2018.14441,99.22366,-656.5871
6,0.34891403,2021.72437,97.24704,-650.87787
6,0.41393119,2024.94312,95.21363,-645.00189
6,0.47760901,2027.78406,93.1764,-638.98608
6,0.53968328,2030.22607,91.17339,-632.84009
6,0.59989375,2032.25049,89.23323,-626.56665
6,0.65805137,2033.84607,87.3777,-620.16956
6,0.71404779,2035.01025,85.62422,-613.65845
6,0.76781815,2035.74744,83.98579,-607.04828
6,0.81929404,2036.06616,82.47144,-600.3576
6,0.86836475,2035.97705,81.08713,-593.60681
6,0.91482884,2035.49072,79.83519,-586.81573
6,0.95836556,2034.61792,78.71574,-580.00433
6,0.99845856,2033.36841,77.72745,-573.19226
7,0.03414009,2031.75037,76.86814,-566.3985
7,0.06412202,2029.771,76.13489,-559.64142
7,0.08681156,2027.43628,75.52419,-552.93896
7,0.09970422,2024.75183,75.03234,-546.30914
7,0.09875521,2021.72278,74.65549,-539.7699
7,0.07707732,2018.35376,74.38973,-533.33917
7,0.02213922,2014.65002,74.23143,-527.0354
6,0.90988123,2010.61658,74.17754,-520.87738
6,0.69211769,2006.25854,74.2246,-514.88379
6,0.24479659,2001.58215,74.36918,-509.07346
5,0.99148679,1996.59473,74.60828,-503.46564
5,0.97825986,1991.30396,74.93872,-498.07944
5,0.96429837,1985.71936,75.35767,-492.93411
5,0.9496277,1979.85107,75.86207,-488.04849
5,0.934277,1973.71082,76.44913,-483.44141
5,0.91827941,1967.31177,77.11626,-479.1312
5,0.90167022,1960.66809,77.86081,-475.13571
5,0.88448882,1953.79553,78.68014,-471.47205
5,0.8667779,1946.71118,79.57182,-468.15656
5,0.84858334,1939.43335,80.5335,-465.20486
5,0.8299548,1931.98193,81.56316,-462.63144
5,0.81094265,1924.37708,82.65839,-460.4498
5,0.79160243,1916.64099,83.81689,-458.67169
5,0.7719906,1908.79626,85.03654,-457.30798
5,0.75216669,1900.8667,86.31518,-456.36798
5,0.73219138,1892.87659,87.65052,-455.85944
5,0.71212882,1884.85156,89.04066,-455.78839
5,0.69204396,1876.81763,90.48385,-456.1593
5,0.67200154,1868.80066,91.97804,-456.97556
5,0.65206867,1860.82751,93.52139,-458.2381
5,0.63231343,1852.92542,95.11222,-459.94608
5,0.61280203,1845.12085,96.74863,-462.09766
5,0.59310383,1837.24158,98.01533,-464.39432
5,0.5732854,1829.31421,98.73352,-466.30795
5,0.55336446,1821.34583,98.99702,-467.96155
5,0.5334059,1813.36243,98.8832,-469.36844
5,0.51348585,1805.39441,98.45763,-470.5043
5,0.49365035,1797.46021,97.76292,-471.34689
5,0.47401413,1789.60571,96.83129,-471.67923
5,0.45510083,1782.04041,95.8682,-471.00574
5,0.43658981,1774.63599,94.69711,-469.38507
5,0.41848737,1767.39502,93.36416,-467.01105
5,0.40088817,1760.35535,91.96454,-464.05521
5,0.38388896,1753.55566,90.57652,-460.62061
5,0.36757061,1747.02832,89.25227,-456.75333
5,0.35199872,1740.79956,88.02353,-452.46945
5,0.33722758,1734.89111,86.90991,-447.77835
5,0.32330546,1729.32227,85.92533,-442.69431
5,0.31027567,1724.11035,85.07949,-437.23694
5,0.29817849,1719.27148,84.37843,-431.42886
5,0.28705147,1714.82068,83.82493,-425.29431
5,0.27693033,1710.77222,83.41908,-418.85876
5,0.26784891,1707.13965,83.15916,-412.14838
5,0.25984016,1703.93616,83.04227,-405.19016
5,0.25293586,1701.17444,83.06444,-398.01111
5,0.24716683,1698.86682,83.22117,-390.63898
5,0.24256141,1697.02466,83.50748,-383.10217
5,0.2391468,1695.65881,83.91805,-375.4296
5,0.23694526,1694.7782,84.44737,-367.65149
5,0.23597693,1694.39087,85.08987,-359.79861
5,0.23625709,1694.50293,85.84041,-351.9032
5,0.23779762,1695.11914,86.69356,-343.99756
5,0.24060372,1696.24158,87.64446,-336.11539
5,0.2446775,1697.87109,88.68834,-328.29037
5,0.25001535,1700.00623,89.82057,-320.55673
5,0.2566053,1702.64221,91.03669,-312.94901
5,0.26443154,1705.77271,92.3327,-305.50174
5,0.27347177,1709.38879,93.70467,-298.24921
5,0.28369576,1713.47839,95.14884,-291.22528
5,0.29506874,1718.02759,96.66158,-284.46307
5,0.30754891,1723.01965,98.23949,-277.9949
5,0.32108775,1728.43518,99.87938,-271.85199
5,0.33563152,1734.25269,101.57832,-266.0643
5,0.35112163,1740.44873,103.33305,-260.66
5,0.36749053,1746.99622,105.14125,-255.66579
5,0.38374114,1753.49646,106.20938,-250.31049
5,0.39903596,1759.61438,106.85078,-244.69058
5,0.4129709,1765.18835,107.03504,-238.66228
5,0.42531767,1770.12708,106.81294,-232.17053
5,0.43626526,1774.5061,106.23426,-225.26404
5,0.44605774,1778.4231,105.41238,-218.07596
5,0.45481446,1781.92578,104.46654,-210.72398
5,0.4625476,1785.01904,103.47244,-203.26712
5,0.46921784,1787.68713,102.47839,-195.7312
5,0.47477418,1789.90967,101.51898,-188.1295
5,0.47917175,1791.6687,100.61987,-180.47076
5,0.48238006,1792.95203,99.79938,-172.76309
5,0.48438689,1793.75476,99.07147,-165.0186
5,0.48519623,1794.07849,98.44759,-157.25427
5,0.48481965,1793.92786,97.93568,-149.48912
5,0.48327485,1793.30994,97.54137,-141.74416
5,0.48058015,1792.23206,97.26793,-134.04089
5,0.47675383,1790.70154,97.11665,-126.40111
5,0.47181457,1788.72583,97.087,-118.84667
5,0.46578124,1786.3125,97.17728,-111.39976
5,0.45867401,1783.4696,97.3848,-104.08279
5,0.45051423,1780.20569,97.70639,-96.91854
5,0.44132355,1776.52942,98.13813,-89.92969
5,0.43112731,1772.45093,98.67634,-83.13952
5,0.4199518,1767.98071,99.31699,-76.57108
5,0.40782562,1763.13025,100.0561,-70.24751
5,0.39478028,1757.91211,100.88963,-64.1918
5,0.38085023,1752.34009,101.8133,-58.42655
5,0.36607635,1746.43054,102.82325,-52.97409
5,0.35050079,1740.20032,103.91563,-47.85615
5,0.33417052,1733.66821,105.08654,-43.0936
5,0.31713623,1726.85449,106.33253,-38.70654
5,0.29945129,1719.78052,107.64994,-34.71399
5,0.2811743,1712.46973,109.03548,-31.13367
5,0.26236603,1704.94641,110.48598,-27.98216
5,0.24309112,1697.23645,111.99845,-25.27434
5,0.22341645,1689.36658,113.56985,-23.0238
5,0.2034134,1681.36536,115.19747,-21.24174
5,0.18315491,1673.26196,116.87883,-19.93802
5,0.16271515,1665.08606,118.6116,-19.12079
5,0.1421701,1656.86804,120.39335,-18.79609
5,0.12159637,1648.63855,122.22131,-18.96779
5,0.10107361,1640.42944,124.09313,-19.63689
5,0.08068054,1632.27222,126.0067,-20.803
5,0.06049713,1624.19885,127.96018,-22.46324
5,0.04060211,1616.24084,129.95184,-24.61328
5,0.021073,1608.4292,131.97955,-27.24673
5,0.00198761,1600.79504,134.0417,-30.35383
4,0.98342133,1593.36853,136.1364,-33.92384
4,0.96544862,1586.17944,138.26218,-37.94318
4,0.94814116,1579.25647,140.41751,-42.3969
4,0.93156862,1572.62744,142.60091,-47.26817
4,0.91579741,1566.31897,144.81111,-52.53763
4,0.90089053,1560.3562,147.04655,-58.185
4,0.88690764,1554.76306,149.30565,-64.1879
4,0.87335998,1549.34399,151.32225,-70.46873
4,0.85947055,1543.78821,152.84224,-76.69855
4,0.84506166,1538.02466,153.90891,-82.68071
4,0.83023745,1532.09497,154.56891,-88.49749
4,0.81501096,1526.00439,154.91211,-94.06581
4,0.79910678,1519.6427,154.98439,-99.15105
4,0.78229523,1512.91809,154.92328,-103.42202
4,0.76451385,1505.80554,154.62633,-107.00317
4,0.74604613,1498.41846,154.15709,-110.01501
4,0.72719693,1490.87878,153.61221,-112.54201
4,0.70814574,1483.2583,153.0589,-114.61649
4,0.68898892,1475.59558,152.541,-116.24081
4,0.66977602,1467.9104,152.08554,-117.40407
4,0.65054137,1460.21655,151.70927,-118.0946
4,0.63132447,1452.52979,151.42462,-118.30625
4,0.61217254,1444.86902,151.24069,-118.03803
4,0.59313935,1437.25574,151.16446,-117.29272
4,0.57427949,1429.71179,151.19995,-116.07431
4,0.55565214,1422.26086,151.34976,-114.38867
4,0.53731567,1414.92627,151.61411,-112.242
4,0.51933014,1407.73206,151.99171,-109.64163
4,0.5017572,1400.70288,152.48064,-106.59621
4,0.48465851,1393.8634,153.0778,-103.11488
4,0.46809691,1387.23877,153.77969,-99.20887
4,0.4521347,1380.85388,154.58215,-94.89
4,0.4368341,1374.73364,155.48088,-90.17197
4,0.42225739,1368.90295,156.47171,-85.0703
4,0.40846556,1363.38623,157.55054,-79.60199
4,0.39551789,1358.20715,158.71304,-73.78516
4,0.38347137,1353.38855,159.9547,-67.63974
4,0.37238038,1348.95215,161.27121,-61.18779
4,0.36229676,1344.9187,162.6586,-54.45316
4,0.35326874,1341.3075,164.11324,-47.46148
4,0.34534088,1338.13635,165.63171,-40.23976
4,0.33855438,1335.42175,167.2108,-32.81595
4,0.33294556,1333.17822,168.84715,-25.21935
4,0.32854462,1331.41785,170.5378,-17.481
4,0.32482147,1329.92859,171.94901,-9.49352
4,0.31999451,1327.9978,172.78575,-1.6339
4,0.31384766,1325.53906,173.16254,5.95054
4,0.30626434,1322.50574,173.10623,13.23823
4,0.29721069,1318.88428,172.67868,20.20419
4,0.28672516,1314.69006,171.98344,26.79806
4,0.27505982,1310.02393,171.06581,33.06828
4,0.2625058,1305.00232,170.02321,39.02069
4,0.24922943,1299.69177,168.93112,44.64191
4,0.23529419,1294.11768,167.8382,49.91094
4,0.22072631,1288.29053,166.78033,54.80529
4,0.20554748,1282.21899,165.78658,59.30535
4,0.18976867,1275.90747,164.87576,63.39518
4,0.17341705,1269.36682,164.06242,67.06397
4,0.15653473,1262.61389,163.35771,70.30495
4,0.13917328,1255.66931,162.76997,73.11352
4,0.12138733,1248.55493,162.30423,75.48618
4,0.10323609,1241.29443,161.96338,77.42033
4,0.08477875,1233.9115,161.74832,78.91327
4,0.06607513,1226.43005,161.65816,79.96259
4,0.04718628,1218.87451,161.69095,80.56611
4,0.02817383,1211.26953,161.84375,80.72171
4,0.00910065,1203.64026,162.11313,80.4277
3,0.99501526,1196.01221,162.49519,79.68304
3,0.98551375,1188.41101,162.98553,78.48718
3,0.97607958,1180.86365,163.58005,76.8413
3,0.96674609,1173.39685,164.27434,74.74685
3,0.95754743,1166.03796,165.06433,72.20718
3,0.94851804,1158.81445,165.94571,69.22627
3,0.93969285,1151.75427,166.91463,65.81069
3,0.93110627,1144.88501,167.96709,61.96808
3,0.92279297,1138.23438,169.09921,57.70811
3,0.91478682,1131.82947,170.30698,53.04249
3,0.9071216,1125.69727,171.58698,47.98546
3,0.89983004,1119.86401,172.93596,42.55244
3,0.89294386,1114.3551,174.35059,36.76062
3,0.88627183,1109.01746,175.60362,30.6872
3,0.87963593,1103.70874,176.56592,24.59052
3,0.87288404,1098.30725,177.14536,18.62563
3,0.86610091,1092.88074,177.39658,12.67937
3,0.85928208,1087.42566,177.36143,6.80025
3,0.8523674,1081.89392,177.04207,1.04457
3,0.84526932,1076.21545,176.45456,-4.47157
3,0.83788955,1070.31165,175.62439,-9.6054
3,0.83012652,1064.1012,174.62027,-14.14896
3,0.82191771,1057.53418,173.54848,-17.8926
3,0.81326246,1050.60999,172.33771,-20.94097
3,0.80429888,1043.43909,171.04628,-23.40202
3,0.79515719,1036.12573,169.74947,-25.34707
3,0.78591734,1028.73389,168.50273,-26.80492
3,0.77661657,1021.29327,167.33731,-27.77703
3,0.76727915,1013.8233,166.27298,-28.25927
3,0.75792915,1006.34332,165.32358,-28.25093
3,0.74859339,998.87469,164.49896,-27.7557
3,0.73930013,991.44012,163.80551,-26.78037
3,0.73007828,984.06262,163.24632,-25.33309
3,0.72095793,976.76636,162.82286,-23.42349
3,0.71196848,969.57477,162.53412,-21.06087
3,0.70313966,962.51172,162.37794,-18.25535
3,0.6945017,955.60138,162.3515,-15.01712
3,0.68608427,948.86743,162.45067,-11.35654
3,0.67791742,942.33392,162.6713,-7.28509
3,0.67003119,936.02496,163.00894,-2.81438
3,0.66245598,929.96478,163.4593,2.04252
3,0.65522158,924.17725,164.01779,7.27191
3,0.64835739,918.68591,164.67963,12.85891
3,0.64189225,913.51379,165.44006,18.78647
3,0.63585448,908.68359,166.29483,25.03605
3,0.63027167,904.21735,167.24002,31.58774
3,0.62517005,900.13605,168.27138,38.42052
3,0.62057412,896.45929,169.38496,45.51105
3,0.61650729,893.20581,170.57724,52.83474
3,0.61299074,890.39258,171.8446,60.3656
3,0.61004388,888.0351,173.18358,68.07636
3,0.60768354,886.14685,174.59048,75.93855
3,0.60592431,884.73944,176.06248,83.92165
3,0.60477823,883.82257,177.59644,91.99503
3,0.60421145,883.36914,179.14087,100.14427
3,0.60394907,883.15924,180.39343,108.45715
3,0.60344553,882.75641,181.203,116.76126
3,0.60229564,881.83649,181.54602,124.89717
3,0.60033536,880.26831,181.44853,132.80193
3,0.59756339,878.05072,180.92993,140.49905
3,0.59409761,875.27808,180.08711,147.98521
3,0.59006208,872.04968,179.02733,155.24097
3,0.58553725,868.42981,177.82994,162.24573
3,0.58055258,864.44208,176.55511,168.97049
3,0.57510811,860.08649,175.25113,175.38159
3,0.56922209,855.37769,173.94086,181.46935
3,0.56291807,850.33447,172.66196,187.21284
3,0.55621445,844.97156,171.43518,192.60086
3,0.54913062,839.3045,170.27728,197.62363
3,0.54168916,833.35132,169.20177,202.27286
3,0.53391457,827.13165,168.21939,206.54103
3,0.52583253,820.66602,167.33784,210.42133
3,0.51746923,813.9754,166.5618,213.90771
3,0.50885177,807.08142,165.89386,216.99435
3,0.50000811,800.00647,165.33516,219.67574
3,0.49096557,792.77246,164.88499,221.94653
3,0.48175249,785.40198,164.5419,223.80161
3,0.4723967,777.91736,164.30321,225.23604
3,0.46292701,770.34161,164.16577,226.24551
3,0.45337266,762.69812,164.12613,226.82616
3,0.44376349,755.0108,164.18089,226.97455
3,0.43413001,747.30402,164.3266,226.68826
3,0.4245024,739.60193,164.55942,225.96506
3,0.4149121,731.92969,164.87579,224.80435
3,0.40539643,724.31714,165.2821,223.20032
3,0.39598739,716.78992,165.78027,221.1451
3,0.38671884,709.37506,166.37007,218.63626
3,0.37762573,702.10059,167.05014,215.67607
3,0.36875916,695.00732,167.83908,212.26036
3,0.36016265,688.13013,168.74811,208.3777
3,0.3518534,681.48273,169.75287,204.03671
3,0.34384933,675.07947,170.82716,199.27554
3,0.33611098,668.88879,171.8871,194.15903
3,0.32860696,662.88556,172.8719,188.78815
3,0.32076058,656.60846,173.24945,183.83641
3,0.31250322,650.00256,173.06419,179.55344
3,0.30378678,643.02942,172.30222,175.86926
3,0.29472503,635.78003,171.02115,172.51054
3,0.28556985,628.45587,169.50435,169.43127
3,0.27637956,621.10364,167.86296,166.67409
3,0.26714265,613.71411,166.136,164.29814
3,0.2578502,606.28015,164.35258,162.35107
3,0.24850906,598.80725,162.54494,160.86534
3,0.23913735,591.30988,160.74767,159.86305
3,0.22975875,583.80701,158.99455,159.35956
3,0.2204023,576.32184,157.31937,159.36267
3,0.21108979,568.87183,155.74524,159.87929
3,0.20184463,561.47571,154.28975,160.90848
3,0.1926928,554.15424,152.96593,162.44189
3,0.18366173,546.92938,151.78291,164.46651
3,0.17477989,539.82391,150.74678,166.96681
3,0.16607514,532.86011,149.86023,169.92682
3,0.15757485,526.05988,149.12341,173.33047
3,0.14930642,519.44513,148.53477,177.16154
3,0.141297,513.0376,148.09158,181.40422
3,0.13357368,506.85895,147.79027,186.0428
3,0.12616318,500.93057,147.62648,191.06184
3,0.11909237,495.27393,147.5956,196.44531
3,0.11238773,489.91022,147.69269,202.17699
3,0.10607583,484.86069,147.91302,208.23952
3,0.10018258,480.14609,148.25162,214.61514
3,0.09473343,475.78677,148.70366,221.2847
3,0.08975296,471.8024,149.26434,228.22769
3,0.08526493,468.21198,149.92917,235.4223
3,0.08129196,465.0336,150.69373,242.84573
3,0.07785507,462.28409,151.55365,250.47357
3,0.07497372,459.979,152.50499,258.27979
3,0.07266552,458.13245,153.54356,266.23767
3,0.07094578,456.75665,154.6657,274.31851
3,0.06982796,455.8624,155.86774,282.49301
3,0.06932251,455.45804,157.14618,290.73053
3,0.06916809,455.3345,158.22876,299.07718
3,0.06885955,455.08768,158.87343,307.44595
3,0.06764267,454.11417,158.97449,315.56253
3,0.06554223,452.43381,158.52145,323.496
3,0.06260028,450.08026,157.5836,331.24301
3,0.05902142,447.21716,156.24608,338.85107
3,0.0549749,443.97995,154.68909,346.26572
3,0.05050877,440.40704,153.01231,353.44421
3,0.04561474,436.49182,151.26804,360.35519
3,0.04027882,432.22308,149.49516,366.97092
3,0.03449425,427.59543,147.72993,373.26489
3,0.02826115,422.60895,146.00676,379.21176
3,0.02158951,417.27164,144.35945,384.78839
3,0.01448696,411.5896,142.81154,389.97678
3,0.00696892,405.57516,141.38065,394.7637
163,0.0021508,399.24789,140.08014,399.13968
162,0.99483681,392.63193,138.91928,403.09787
162,0.98894572,385.75436,137.90465,406.6326
162,0.98376852,378.642,137.03928,409.73886
162,0.97931337,371.32159,136.32358,412.41196
162,0.97558755,363.8201,135.75623,414.64749
162,0.97259808,356.16388,135.33418,416.44113
162,0.97035235,348.37949,135.05383,417.78854
162,0.96885782,340.49316,134.91083,418.68527
162,0.96812111,332.53156,134.90062,419.12729
162,0.96814859,324.52115,135.01823,419.11084
162,0.96894544,316.48886,135.25864,418.63275
162,0.97051525,308.46191,135.61655,417.69086
162,0.97285968,300.46863,136.08743,416.28418
162,0.97597951,292.53705,136.66647,414.41229
162,0.97987211,284.69553,137.3486,412.07672
162,0.98453188,276.9733,138.12935,409.28091
162,0.98995054,269.39963,139.00447,406.02966
162,0.99595135,261.9003,139.79422,402.42917
163,0.00254227,254.27284,140.06294,398.98309
163,0.00946754,246.59027,139.82683,396.21298
163,0.01343315,238.88614,139.12151,394.62674
163,0.01499618,231.00278,137.82143,394.00153
163,0.01474953,223.02412,136.09793,394.10019
163,0.01314606,215.0755,134.15962,394.74158
163,0.01036621,207.23065,132.12872,395.85352
163,0.00643059,199.52866,130.06998,397.42776
163,0.00131386,191.99736,128.02725,399.47446
162,0.9966616,184.66187,126.03706,402.00302
162,0.99164319,177.54765,124.13469,405.0141
162,0.98582059,170.6745,122.34473,408.50763
162,0.97920859,164.05951,120.68478,412.47482
162,0.97183788,157.71948,119.16896,416.89728
162,0.96374631,151.67033,117.80692,421.75223
162,0.95497602,145.92714,116.60439,427.0144
162,0.94556963,140.5045,115.56381,432.6582
162,0.93557048,135.41661,114.6852,438.65775
162,0.92502034,130.67754,113.9668,444.98776
162,0.91396046,126.3012,113.40546,451.62372
162,0.9028194,121.90353,112.53307,458.30832
162,0.89286053,117.0532,111.11352,464.28372
162,0.88368243,111.83559,109.19705,469.79056
162,0.87637919,106.12608,107.03243,474.17245
162,0.87059122,99.89962,104.50022,477.64523
162,0.86599904,93.31268,101.71621,480.40057
162,0.86239785,86.51495,98.8179,482.56131
162,0.85968578,79.60526,95.90722,484.18854
162,0.85782999,72.6407,93.05297,485.30203
162,0.85682821,65.65622,90.30287,485.90311
162,0.85652792,58.64027,87.58395,486.08328
162,0.85661864,51.62519,84.8223,486.02878
162,0.85701102,44.66869,82.06273,485.7934
162,0.85778463,37.77825,79.34579,485.32919
162,0.8590281,30.96541,76.719,484.58316
162,0.86088419,24.24737,74.25651,483.46951
162,0.86345339,17.62519,71.98947,481.92801
162,0.86675924,11.10014,69.9166,479.94446
162,0.87078917,4.68647,68.03838,477.52649
162,0.8755182,-1.59845,66.35296,474.68906
162,0.88091755,-7.73677,64.85605,471.44943
162,0.8869589,-13.71122,63.54116,467.82465
162,0.89361429,-19.50412,62.40173,463.83139
162,0.9008593,-25.0985,61.43013,459.48444
162,0.90867013,-30.47723,60.61872,454.79791
162,0.91702431,-35.62287,59.96026,449.7854
162,0.92590129,-40.5179,59.44749,444.45923
162,0.93527931,-45.1443,59.07377,438.83237
162,0.94513673,-49.4836,58.83303,432.91794
162,0.95545113,-53.51737,58.7191,426.72931
162,0.96619773,-57.22687,58.72665,420.2814
162,0.97735047,-60.59359,58.85028,413.58975
162,0.98888123,-63.59929,59.08477,406.67126
163,0.00113724,-66.22641,59.42541,399.5451
163,0.0194207,-68.45787,59.86792,392.23172
163,0.03811874,-70.27746,60.40787,384.7525
163,0.0571724,-71.67007,61.04137,377.13104
163,0.07651871,-72.62213,61.76474,369.39252
163,0.09609345,-73.1213,62.57391,361.56262
163,0.11582672,-73.15734,63.46543,353.66931
163,0.13564682,-72.72166,64.43568,345.74127
163,0.15547799,-71.80807,65.48161,337.80881
163,0.17524323,-70.41206,66.60025,329.90271
163,0.19497803,-68.53034,67.7394,322.00879
163,0.21467033,-66.20474,68.84585,314.13187
163,0.23443672,-63.48445,69.81266,306.22531
163,0.25428566,-60.482,70.56961,298.28574
163,0.27418631,-57.3256,71.07631,290.32547
163,0.29411149,-54.14961,71.3022,282.35541
163,0.31401971,-51.07712,71.23923,274.39212
163,0.33381721,-48.12463,70.94521,266.47311
163,0.35347953,-45.29621,70.4434,258.60818
163,0.37303579,-42.68843,69.70693,250.78569
163,0.39243987,-40.31161,68.77136,243.02405
163,0.41166124,-38.11152,67.67416,235.33551
163,0.43067741,-36.01377,66.44849,227.72903
163,0.44948018,-33.97282,65.11243,220.20793
163,0.46806636,-31.96258,63.67697,212.77345
163,0.48643383,-29.96903,62.15011,205.42647
163,0.50458109,-27.98453,60.53816,198.16756
163,0.52250934,-26.00435,58.84515,190.99628
163,0.54022676,-24.03416,57.06952,183.90929
163,0.55776769,-22.14402,55.18911,176.89293
163,0.57517266,-20.5055,53.17185,169.93094
163,0.59241945,-19.08917,51.03593,163.03223
163,0.60948104,-17.81359,48.80357,156.2076
163,0.62633407,-16.63288,46.49064,149.46637
163,0.64295328,-15.52072,44.11054,142.8187
163,0.65930849,-14.46167,41.6757,136.2766
163,0.67536408,-13.44501,39.19789,129.85435
163,0.69107932,-12.4631,36.6877,123.56827
163,0.7064116,-11.51098,34.15333,117.43536
163,0.72132087,-10.58392,31.59969,111.47166
163,0.73577714,-9.67695,29.02751,105.68913
163,0.74976754,-8.78787,26.43305,100.09299
163,0.76329482,-7.916,23.80981,94.68208
163,0.77637458,-7.06139,21.15009,89.45016
163,0.78903198,-6.22445,18.44609,84.3872
163,0.80129766,-5.40588,15.69065,79.48092
163,0.81319702,-4.60566,12.76406,74.72118
163,0.82477134,-3.82077,9.66002,70.09146
163,0.83610564,-3.04615,6.36485,65.55774
163,0.84721845,-2.28122,2.87821,61.11263
163,0.85812116,-1.52574,0.78474,56.75153
163,0.86864173,-0.79788,0.5437,52.54331
163,0.88158154,0.07988,0.33307,47.36736
163,0.89394593,0.8999,0.34596,42.42163
163,0.90620977,1.68037,0.51105,37.51608
163,0.91853881,2.42238,0.75974,32.58446
163,0.93086916,3.11232,1.00196,27.65234
163,0.9431839,3.74172,1.17437,22.72644
163,0.95545763,4.30432,1.24898,17.81694
163,0.96768272,4.79747,1.22998,12.9269
163,0.9798702,5.22142,1.14131,8.05192
163,0.99203867,5.58131,1.01597,3.18455
0,0.00279886,5.88766,0.88845,-1.67932
,,,,
,,,,
