Checkpoint number,Checkpoint fraction,X,Y,Z,Notes
75,1,575.888,283.50403,-482.68399,fzr0000E8604BB26ADB3417AC
76,0.00653915,576.07294,284.01224,-478.16922,Quick Star-G4
76,0.0229224,576.26105,284.32303,-473.58191,2016/09/02 01:08 (in replay menu)
76,0.03948135,576.45129,284.44946,-468.9454,Lap length is 9073
76,0.05615124,576.64307,284.40387,-464.27783,Max checkpoint is 169
76,0.07288512,576.83606,284.19666,-459.59235,
76,0.08964667,577.0304,283.83679,-454.89911,
76,0.1064078,577.22589,283.33203,-450.20599,
76,0.1231481,577.4223,282.68857,-445.51871,
76,0.13985157,577.61908,281.91171,-440.84174,
76,0.15650468,577.81573,281.00607,-436.17886,
76,0.17308803,578.01184,279.97803,-431.53552,
76,0.18958104,578.20703,278.83429,-426.91748,
76,0.205962,578.40106,277.58188,-422.33081,
76,0.22222264,578.59363,276.224,-417.77783,
76,0.23836556,578.78473,274.76041,-413.25781,
76,0.25439078,578.97437,273.19165,-408.77075,
76,0.27029762,579.16248,271.5181,-404.31683,
76,0.28607127,579.34894,269.74387,-399.90021,
76,0.30167994,579.53333,267.87735,-395.52979,
76,0.31709883,579.71539,265.92401,-391.21249,
76,0.33231226,579.89496,263.88583,-386.95273,
76,0.34730229,580.07178,261.76471,-382.75552,
76,0.36205295,580.24573,259.56168,-378.62534,
76,0.37659621,580.41718,257.26736,-374.55322,
76,0.39095888,580.58643,254.87547,-370.53168,
76,0.40518582,580.75409,252.37885,-366.54813,
76,0.41933018,580.92072,249.77205,-362.58771,
76,0.43344042,581.08691,247.05302,-358.63684,
76,0.44755393,581.25311,244.22301,-354.68506,
76,0.46160835,581.61304,241.29176,-350.74982,
76,0.47549504,582.30945,238.27339,-346.86154,
76,0.48941007,583.2699,235.04337,-342.96533,
76,0.50329089,584.37048,231.61574,-339.0787,
76,0.51723075,585.4361,227.99297,-335.17554,
76,0.53102374,586.29572,228.11456,-331.31351,
76,0.54710102,587.16364,228.99467,-326.81186,
76,0.56243503,588.00116,229.79465,-322.51834,
76,0.57802212,588.82538,231.16324,-318.15396,
76,0.59379268,589.63257,232.45978,-313.73819,
76,0.60969704,590.42218,233.63202,-309.28497,
76,0.62546408,591.19116,234.69313,-304.87021,
76,0.64089262,591.93793,235.7122,-300.5502,
76,0.65599036,592.48364,236.86964,-296.32285,
76,0.67095518,592.8291,238.07903,-292.13269,
76,0.68603206,593.03955,239.26492,-287.91116,
76,0.70127451,593.25244,240.36862,-283.64328,
76,0.71663421,593.46582,241.36884,-279.34256,
76,0.73206246,593.67859,242.27536,-275.02264,
76,0.74752301,593.88983,243.11403,-270.6937,
76,0.76300067,594.09943,243.91351,-266.35995,
76,0.77849716,594.3078,244.6951,-262.02094,
76,0.79401737,594.51563,245.46802,-257.67526,
76,0.80956554,594.72339,246.22871,-253.32178,
76,0.82514501,594.93127,246.96523,-248.95953,
76,0.84076047,595.13947,247.66251,-244.5872,
76,0.85641551,595.34814,248.30649,-240.20378,
76,0.87211305,595.55743,248.88731,-235.80847,
76,0.88785368,595.76752,249.39989,-231.40109,
76,0.9036352,595.97852,249.84346,-226.98227,
76,0.91945344,596.19049,250.21976,-222.55316,
76,0.93530405,596.39758,250.53181,-218.11499,
76,0.95118302,596.59241,250.78197,-213.66887,
76,0.96708721,596.75342,250.97061,-209.21568,
76,0.98302472,596.87177,251.09605,-204.7532,
76,0.99900633,596.93689,251.15434,-200.27835,
77,0.22019003,596.94025,251.1409,-195.78839,
77,0.45477176,596.87384,251.06833,-191.28088,
77,0.6891855,596.70184,250.97185,-186.76677,
77,0.92328024,596.35455,250.88387,-182.27089,
78,0.15817995,595.7486,250.82454,-177.79436,
78,0.39327919,594.84106,250.80127,-173.34929,
78,0.63013905,593.61652,250.81029,-168.94014,
78,0.87696701,592.23615,250.83974,-164.39049,
79,0.12363539,590.79535,250.87741,-159.88028,
79,0.37092808,589.26324,250.91182,-155.36761,
79,0.61855954,587.64368,250.93539,-150.85951,
79,0.86527765,585.95526,250.94518,-146.38449,
80,0.1102483,584.21234,250.94267,-141.9567,
80,0.35110363,582.42627,250.93214,-137.5833,
80,0.58795786,580.60034,250.91847,-133.2598,
80,0.82168251,578.73395,250.90587,-128.97552,
81,0.05272429,576.82184,250.89697,-124.73042,
81,0.28173089,574.83228,250.89249,-120.49788,
81,0.50705278,572.71332,250.89223,-116.35715,
81,0.73142654,570.36737,250.8949,-112.34752,
81,0.95689034,567.74707,250.89893,-108.49612,
82,0.18433112,564.83606,250.90262,-104.81655,
82,0.41307214,561.64026,250.90495,-101.32349,
82,0.64383245,558.17279,250.90578,-98.03107,
82,0.87735081,554.4491,250.90547,-94.9525,
83,0.11407527,550.48541,250.90454,-92.10019,
83,0.35271314,546.29816,250.90358,-89.48572,
83,0.59368247,541.90387,250.90306,-87.11991,
83,0.83781773,537.31921,250.90306,-85.01284,
84,0.08585162,532.56091,250.90324,-83.17384,
84,0.33650854,527.64587,250.90355,-81.61151,
84,0.59008276,522.59106,250.90379,-80.33374,
84,0.85133106,517.36816,250.9041,-79.25008,
85,0.11817803,512.08478,250.90462,-78.24009,
85,0.38518655,506.8407,250.90526,-77.19349,
85,0.65237987,501.62286,250.90594,-76.08969,
85,0.91948766,496.43048,250.90648,-74.91949,
86,0.18539649,491.26117,250.90668,-73.67272,
86,0.4472639,486.11401,250.9068,-72.33947,
86,0.70270419,481.02777,250.90668,-70.86494,
86,0.94643325,476.09729,250.90665,-69.13957,
87,0.04920864,471.30936,250.90649,-67.06052,
87,0.11099501,466.67538,250.90617,-64.60786,
87,0.17049907,462.21259,250.90572,-61.78873,
87,0.22748318,457.93878,250.90506,-58.61889,
87,0.28171989,453.87103,250.90428,-55.11666,
87,0.33299479,450.02542,250.90364,-51.30103,
87,0.38110724,446.41699,250.90303,-47.19107,
87,0.42586967,443.05981,250.90253,-42.80578,
87,0.46710506,439.96716,250.74446,-38.16431,
87,0.49335185,437.99866,250.48138,-33.13884,
87,0.50992942,436.75534,250.08978,-27.55738,
87,0.52160096,435.87997,249.56915,-21.61485,
87,0.53136051,435.14801,248.93452,-15.55318,
87,0.54043972,434.46707,248.19461,-9.47962,
87,0.54927355,433.80453,247.35226,-3.43058,
87,0.55802721,433.14801,246.40831,2.58165,
87,0.56677032,432.49228,245.36328,8.55213,
87,0.57553416,431.83499,244.21796,14.47874,
87,0.58433706,431.17477,242.97353,20.36056,
87,0.59319001,430.5108,241.63162,26.19727,
87,0.6021024,429.84238,240.19434,31.98891,
87,0.6110819,429.16891,238.66409,37.7359,
87,0.62013501,428.48993,237.0437,43.43871,
87,0.62926835,427.80493,235.33626,49.09816,
87,0.63848794,427.11346,233.54515,54.71504,
87,0.64779943,426.4151,231.67404,60.29029,
87,0.6572054,425.70966,229.72673,65.825,
87,0.66670817,424.99695,227.70717,71.32027,
87,0.67630982,424.27682,225.61945,76.77722,
87,0.68601131,423.54919,223.46773,82.19704,
87,0.69581276,422.81409,221.25624,87.58083,
87,0.70571345,422.07153,218.98926,92.92982,
87,0.71571064,421.32175,216.67104,98.24513,
87,0.72580218,420.56488,214.3058,103.52792,
87,0.73598367,419.80127,211.89769,108.77931,
87,0.74625009,419.03128,209.45073,114.00034,
87,0.75659925,418.2551,206.96887,119.19207,
87,0.76702607,417.47308,204.45598,124.35551,
87,0.77752411,416.68573,201.91576,129.49167,
87,0.78808731,415.89349,199.35173,134.60161,
87,0.79870987,415.0968,196.7673,139.6862,
87,0.80938578,414.29611,194.1657,144.74638,
87,0.82010883,413.49188,191.5499,149.78299,
87,0.83087343,412.68454,188.92268,154.79671,
87,0.84167296,411.87457,186.28654,159.78836,
87,0.85250264,411.06235,183.64322,164.75879,
87,0.8627159,410.29636,180.98877,169.66162,
87,0.87070376,409.69727,178.29922,174.45345,
87,0.87525129,409.3562,175.55168,179.10854,
87,0.87525541,409.3559,172.71529,183.65674,
87,0.87021673,409.7338,169.77249,188.09961,
87,0.86003441,410.49747,166.71487,192.41853,
87,0.84482646,411.63806,163.53912,196.58424,
98,0.02273444,412.95908,160.52269,200.30823,Landed to skip backward-C-shaped path after tunnel
98,0.02568325,414.63989,157.27982,203.85555,
98,0.02926307,416.68039,153.87221,207.09351,
98,0.03341009,419.04419,150.90208,210.00978,
98,0.03748291,421.36569,150.63951,212.79904,
98,0.0433319,424.69962,150.38641,215.72624,
98,0.04973878,428.35153,150.34099,218.48151,
98,0.05648055,432.19434,150.46829,221.06071,
98,0.06349847,436.19455,150.68631,223.46114,
98,0.07074127,440.32294,150.90407,225.67766,
98,0.0781412,444.54089,151.05521,227.70634,
98,0.08563397,448.81177,151.11569,229.54449,
98,0.09317818,453.11197,151.09598,231.18814,
98,0.10076839,457.43839,151.02368,232.62958,
98,0.10842291,461.80145,150.93065,233.85864,
98,0.11615682,466.20978,150.84616,234.86639,
98,0.12396505,470.66046,150.79233,235.64816,
98,0.13182376,475.13992,150.77982,236.20377,
98,0.13970219,479.63062,150.80598,236.53526,
98,0.1475724,484.11664,150.85791,236.64435,
98,0.15541446,488.58661,150.91786,236.53105,
98,0.16321455,493.03265,150.96973,236.19485,
98,0.17095934,497.44717,151.00262,235.63596,
98,0.17863195,501.82056,151.01216,234.85712,
98,0.18621226,506.14133,151.00002,233.86339,
98,0.19367878,510.39725,150.97235,232.66098,
98,0.20101163,514.57697,150.93715,231.2558,
98,0.20819291,518.67029,150.90227,229.65253,
98,0.21520682,526.69537,150.85858,226.08177,
98,0.22227202,526.69537,150.85858,226.08177,
98,0.22940725,530.76245,150.86267,224.5416,
98,0.23658468,534.85358,150.88161,223.30382,
98,0.24379903,538.96576,150.90289,222.25356,
98,0.25102934,543.08704,150.91884,221.32213,
98,0.25826374,547.21063,150.9269,220.47459,
98,0.26560661,551.39606,150.92766,219.67664,
98,0.27296585,555.59082,150.9236,218.94379,
98,0.28036898,559.81061,150.91753,218.30428,
98,0.28780705,564.05029,150.91106,217.7601,
98,0.29527605,568.30762,150.9057,217.30699,
98,0.30276954,572.57892,150.90204,216.93304,
98,0.31028277,576.86145,150.90002,216.61922,
98,0.31781185,581.15302,150.89961,216.34557,
98,0.3253558,585.45306,150.90013,216.09744,
98,0.33291358,589.76099,150.90106,215.86525,
98,0.3404845,594.07642,150.90189,215.64249,
98,0.34806809,598.39905,150.90247,215.42511,
98,0.35566375,602.72858,150.90285,215.21072,
98,0.36327121,607.06482,150.90291,214.99796,
98,0.37088999,611.40753,150.90274,214.78606,
98,0.37852165,615.75757,150.90283,214.61353,
98,0.38614902,620.10516,150.90421,214.61378,
98,0.39378828,624.45953,150.90683,214.80441,
98,0.40144551,628.82416,150.9099,215.16478,
98,0.40912032,633.19879,150.91254,215.6662,
98,0.41681901,637.58704,150.91368,216.25876,
98,0.42453054,641.9826,150.91313,216.90852,
98,0.4322561,646.38617,150.91151,217.57968,
98,0.43998477,650.7915,150.90924,218.2644,
98,0.44772008,655.20062,150.90703,218.95148,
98,0.45545965,659.61218,150.90532,219.63298,
98,0.46320641,664.02783,150.90425,220.28893,
98,0.47095126,668.44238,150.90382,220.92957,
98,0.47869727,672.8576,150.90395,221.56322,
98,0.4864465,677.27466,150.90413,222.18678,
98,0.4941957,681.69171,150.90433,222.80792,
98,0.5019443,686.1084,150.90431,223.43324,
98,0.5096916,690.52435,150.90401,224.06703,
98,0.51743865,694.94019,150.90358,224.71297,
98,0.52518487,699.35553,150.90323,225.37259,
98,0.53293061,703.77057,150.90295,226.04796,
98,0.54067272,708.18359,150.90277,226.74788,
98,0.54841405,712.59613,150.90273,227.47202,
98,0.55615222,717.0069,150.90282,228.22015,
98,0.56388682,721.41559,150.90302,228.99258,
98,0.5716176,725.82214,150.90331,229.78996,
98,0.57934391,730.22614,150.90372,230.61249,
98,0.58706582,734.62762,150.90414,231.46024,
98,0.59478295,739.02637,150.90457,232.33319,
98,0.6024949,743.42218,150.90492,233.23111,
98,0.61020195,747.81519,150.9053,234.15338,
98,0.61790556,752.20624,150.90561,235.09584,
98,0.62561268,756.5993,150.90573,236.04579,
98,0.63332069,760.99286,150.90575,237.00064,
98,0.64104676,765.39673,150.9055,237.91132,
98,0.64878744,769.8089,150.90495,238.72876,
98,0.65654236,774.22919,150.90416,239.392,
98,0.66430688,778.65497,150.90323,239.87947,
98,0.67208701,783.08966,150.90276,240.25725,
98,0.67987674,787.52979,150.90283,240.56641,
98,0.68767512,791.97485,150.90337,240.8329,
98,0.69547498,796.42078,150.90419,241.12848,
98,0.70287997,800.6416,151.13943,241.76138,
98,0.71021384,804.8219,156.15799,242.52754,
98,0.71659672,808.46014,160.94215,243.45862,
98,0.72357708,812.43896,165.34839,245.50328,
98,0.73056877,816.42419,169.41391,248.04945,
98,0.737275,820.24677,173.16603,250.83847,
98,0.74359965,823.85181,176.73366,253.85841,
98,0.74951881,827.22571,180.12506,257.15338,
98,0.75501943,830.36108,183.34583,260.74777,
98,0.76008826,833.25031,186.39964,264.64685,
98,0.76470882,835.88403,189.28882,268.84528,
98,0.76886255,838.25165,192.01463,273.33301,
98,0.77252787,840.34088,194.57787,278.0972,
98,0.7756815,842.13843,196.97885,283.12454,
98,0.77829999,843.63098,199.21724,288.40173,
98,0.78036052,844.80554,201.29251,293.91406,
98,0.78184122,845.64954,203.20299,299.6481,
98,0.78272218,846.15167,204.94562,305.58643,
98,0.78308398,846.35791,206.55331,311.61746,
98,0.78286928,846.23553,208.04633,317.71774,
98,0.7820558,845.77185,209.44659,323.8526,
98,0.78063238,844.96051,210.77539,329.98782,
98,0.77859145,843.79718,212.05148,336.09305,
98,0.77592725,842.27856,213.29066,342.14133,
98,0.7726388,840.40417,214.50632,348.10724,
98,0.76872891,838.17554,215.70953,353.96674,
98,0.76420474,835.59674,216.90953,359.6965,
98,0.75907624,832.67352,218.11395,365.27396,
98,0.75335777,829.414,219.32928,370.67688,
98,0.74706495,825.82709,220.56052,375.88394,
98,0.74021721,821.92389,221.81175,380.8743,
98,0.73283583,817.71649,223.08633,385.62762,
98,0.724944,813.21814,224.38675,390.1243,
98,0.71656835,808.44403,225.71506,394.34534,
98,0.70773709,803.41022,227.07289,398.2724,
98,0.69848019,798.13379,228.46132,401.888,
98,0.68883103,792.63379,229.88104,405.17584,
98,0.67880917,786.92133,231.32082,408.12689,
98,0.66841066,780.9942,232.65608,410.82687,
98,0.65788305,774.99347,233.65395,413.56604,
98,0.64785635,769.27826,234.23424,416.70007,
98,0.63852578,763.95984,234.44104,420.31708,
98,0.62963653,758.89294,234.26544,424.33282,
98,0.6211223,754.03986,233.83408,428.61261,
98,0.6130017,749.41113,233.26559,433.06604,
98,0.60531271,745.02838,232.6329,437.655,
98,0.59809798,740.91602,231.97057,442.37912,
98,0.5913946,737.09509,231.30704,447.23685,
98,0.58523005,733.5813,230.67035,452.21857,
98,0.57962251,730.38501,230.08702,457.30869,
98,0.57458091,727.51129,229.58066,462.4877,
98,0.57011217,724.96411,229.16486,467.74411,
98,0.56623536,722.75433,228.84076,473.08408,
98,0.56295425,720.88409,228.61012,478.50134,
98,0.56026572,719.35162,228.47437,483.98367,
98,0.55816579,718.15472,228.43414,489.51694,
98,0.55665153,717.29163,228.48898,495.08679,
98,0.55572116,716.76129,228.63736,500.67883,
98,0.55537325,716.56299,228.87675,506.2785,
98,0.55560654,716.69598,229.20447,511.87045,
98,0.55642068,717.16003,229.61732,517.43921,
98,0.55781484,717.95471,230.11162,522.96887,
98,0.55978686,719.07874,230.68365,528.44263,
98,0.56233352,720.53033,231.32967,533.84314,
98,0.56545049,722.30701,232.04579,539.15277,
98,0.56913185,724.4054,232.82837,544.35333,
98,0.5733695,726.82086,233.67374,549.42621,
98,0.57815289,729.54736,234.57858,554.35242,
98,0.58346981,732.578,235.53957,559.11316,
98,0.58930594,735.9046,236.55347,563.68951,
98,0.5956434,739.51697,237.6174,568.06274,
98,0.60246223,743.40369,238.72878,572.21436,
98,0.60970265,747.5307,239.78011,576.20789,
98,0.61682308,751.58936,240.44661,580.34668,
98,0.62341243,755.34528,240.74043,584.7077,
98,0.62927949,758.68951,240.68788,589.34595,
98,0.63448697,761.65778,240.35005,594.22717,
98,0.63914514,764.31293,239.81485,599.27136,
98,0.64330488,766.68396,239.16966,604.40686,
98,0.64697552,768.77625,238.47485,609.5907,
98,0.65013522,770.57727,237.76033,614.80988,
98,0.6527651,772.07629,237.05235,620.05121,
98,0.65485638,773.26831,236.37636,625.29803,
98,0.65640837,774.15295,235.75636,630.53156,
98,0.65743065,774.73566,235.21204,635.73303,
98,0.65793556,775.02344,234.7571,640.88666,
98,0.65789634,775.0011,234.39041,645.99731,
98,0.65731299,774.66858,234.11191,651.05981,
98,0.65619636,774.0321,233.92188,656.06421,
98,0.65455955,773.09912,233.81976,660.99915,
98,0.65241516,771.87683,233.80437,665.85284,
98,0.64977473,770.37177,233.87376,670.61328,
98,0.64664918,768.59021,234.02557,675.26813,
98,0.64304841,766.53778,234.25708,679.80475,
98,0.6389823,764.22015,234.56502,684.21039,
98,0.63446236,761.6438,234.94608,688.47174,
98,0.62950021,758.81537,235.39665,692.57544,
98,0.62410682,755.74115,235.90942,696.51062,
98,0.61829627,752.42914,236.47058,700.27136,
98,0.61212647,748.91235,236.9669,703.92676,
98,0.60584635,745.3327,237.27216,707.58099,
98,0.59976888,741.86853,237.32573,711.3183,
98,0.59420705,738.6983,237.11305,715.20929,
98,0.58918506,735.83575,236.65369,719.26233,
98,0.58491546,733.4021,236.01939,723.48199,
98,0.58140755,731.40259,235.2466,727.8559,
98,0.57857078,729.78564,234.36998,732.34631,
98,0.57631153,728.49786,233.43504,736.90302,
98,0.57457364,727.50726,232.48723,741.48199,
98,0.57334489,726.80688,231.55264,746.06226,
98,0.57261986,726.39362,230.65437,750.62579,
98,0.57238835,726.26166,229.81412,755.15405,
98,0.5726338,726.40155,229.04901,759.62976,
98,0.57333732,726.80255,228.37135,764.0379,
98,0.57451528,727.474,227.78162,768.37817,
98,0.57616299,728.41321,227.27998,772.64429,
98,0.57826746,729.61273,226.86595,776.82758,
98,0.58081293,731.06366,226.53828,780.9184,
98,0.5837844,732.75739,226.29497,784.90692,
98,0.5871678,734.68591,226.13354,788.78302,
98,0.59095001,736.8418,226.05101,792.53674,
98,0.59511822,739.21765,226.04417,796.15771,
98,0.59965962,741.80627,226.10973,799.63544,
98,0.60456145,747.59192,226.44443,806.11841,
98,0.60980994,747.59192,226.44443,806.11841,
98,0.6153909,750.77307,226.70679,809.10199,
98,0.62128848,754.1347,227.02824,811.89917,
98,0.62748647,757.66754,227.40576,814.49896,
98,0.63396603,761.3609,227.83667,816.89075,
98,0.64070809,765.20386,228.31833,819.06403,
98,0.64769137,769.18433,228.84824,821.00885,
98,0.65489352,773.28955,229.4241,822.71564,
98,0.66229075,777.50598,230.04353,824.17566,
98,0.66985744,781.81897,230.70457,825.38086,
98,0.67756671,786.21326,231.40532,826.32391,
98,0.68539047,790.67279,232.14403,826.9986,
98,0.69330001,795.18121,232.91904,827.39935,
98,0.70126528,799.72144,233.72876,827.52185,
98,0.70925546,804.27582,234.57172,827.36298,
98,0.71723866,808.82623,235.44669,826.9209,
98,0.72518289,813.35443,236.3526,826.19464,
98,0.73305607,817.84216,237.2881,825.18451,
98,0.74082607,822.27106,238.25195,823.89215,
98,0.74846065,826.62274,239.24298,822.3205,
98,0.75592726,830.87872,240.26022,820.47412,
98,0.76319396,835.02075,241.30281,818.35852,
98,0.77022922,839.03082,242.36996,815.98071,
98,0.77706999,842.93005,243.40918,813.36432,
98,0.78431666,847.06067,243.98091,810.99567,
98,0.79193097,851.40082,244.15889,808.95068,
98,0.79986286,855.922,244.01843,807.26935,
98,0.80803967,860.58276,243.62735,805.92126,
98,0.81636584,865.32867,243.05614,804.85547,
98,0.82475775,870.11206,242.36972,804.04919,
98,0.83316618,874.90485,241.61118,803.50354,
98,0.84155935,879.68896,240.81108,803.2301,
98,0.84991509,884.45172,239.99239,803.24335,
98,0.85821116,889.18048,239.17609,803.55554,
98,0.86642766,893.86389,238.37985,804.17639,
98,0.87454742,898.49213,237.61716,805.11383,
98,0.88255191,903.05469,236.89882,806.37073,
98,0.89041978,907.53937,236.23415,807.94543,
98,0.89812863,911.93341,235.63007,809.83374,
98,0.90565473,916.22333,235.09187,812.0293,
98,0.91297364,920.39508,234.62318,814.52484,
98,0.92006034,924.43451,234.22614,817.31238,
98,0.92688954,928.32715,233.90169,820.38354,
98,0.93343544,932.05829,233.64995,823.72949,
98,0.9396714,935.61279,233.4706,827.34064,
98,0.94557095,938.97552,233.36261,831.20752,
98,0.95110726,942.13123,233.32452,835.31976,
98,0.95627415,945.07635,233.3584,839.60114,
98,0.96114391,947.85211,233.39066,844.04041,
98,0.96630532,950.79413,233.06779,848.38367,
98,0.97212887,954.11353,232.4039,852.10999,
98,0.97861135,957.80853,231.33862,855.41071,
98,0.98556376,961.77142,229.96489,858.40924,
98,0.99279559,965.89355,228.4166,861.14026,
98,1,970.11536,226.78468,863.60083,
98,1,974.42291,225.10924,865.77277,
98,1,978.80914,223.41756,867.63867,
98,1,983.26154,221.73657,869.18707,
98,1,987.76379,220.09315,870.41119,
98,1,992.29688,218.51329,871.30872,
98,1,996.84033,217.02057,871.88226,
98,1,1001.37396,215.63295,872.14032,
98,1,1005.88519,214.35936,872.08862,
98,1,1010.37415,213.19865,871.72119,
98,1,1014.83136,212.14986,871.04547,
107,0.89928865,1019.24371,211.21173,870.07367,"Flew to skip the two 90 degree turns, then turned around (still in air) and followed track backwards to get here"
107,0.78976607,1023.59784,210.38202,868.81842,
107,0.68115783,1027.88049,209.65797,867.29126,
107,0.57305998,1032.0791,209.0363,865.5022,
107,0.46506745,1036.18152,208.51312,863.45984,
107,0.35677958,1040.17578,208.08444,861.1723,
107,0.24778676,1044.04993,207.74615,858.64709,
107,0.13766654,1047.79187,207.49432,855.8913,
107,0.02597957,1051.3894,207.32524,852.91205,
106,0.90361649,1054.83032,207.23495,849.71619,
106,0.77906734,1058.10205,207.22,846.31146,
106,0.65482438,1061.19202,207.27727,842.70612,
106,0.53041816,1064.08752,207.40372,838.90894,
106,0.40537035,1066.776,207.59648,834.92932,
106,0.27919638,1069.245,207.85292,830.77777,
106,0.15138562,1071.48242,208.17052,826.46545,
106,0.02139336,1073.47668,208.54675,822.00452,
105,0.92047709,1075.21667,208.97942,817.40839,
105,0.8262369,1076.69189,209.46643,812.69135,
105,0.73243392,1077.89258,210.00594,807.86871,
105,0.63868117,1078.80969,210.59608,802.95636,
105,0.54458749,1079.43542,211.23503,797.97119,
105,0.44975024,1079.76294,211.92099,792.93091,
105,0.35375255,1079.78687,212.65254,787.85437,
105,0.25614241,1079.50244,213.42839,782.76062,
105,0.1564206,1078.90649,214.24692,777.66895,
105,0.0540385,1077.99707,215.10658,772.59924,
104,0.98896372,1076.77405,216.0061,767.57196,
104,0.96639818,1075.2384,216.94427,762.60754,
104,0.9442122,1073.39233,217.91992,757.72662,
104,0.92249894,1071.2395,218.93185,752.94971,
104,0.90135163,1068.78564,219.979,748.2973,
104,0.88086182,1066.03735,221.06023,743.78955,
104,0.86111945,1063.00293,222.17445,739.44623,
104,0.84221214,1059.69177,223.32054,735.28662,
104,0.82422507,1056.11548,224.4975,731.32947,
104,0.80724066,1052.28638,225.70444,727.5929,
104,0.79133713,1048.21814,226.94035,724.09412,
104,0.77658933,1043.92566,228.20441,720.84955,
104,0.76306701,1039.42505,229.49565,717.87463,
104,0.7508353,1034.73352,230.81313,715.18365,
104,0.73875976,1029.90259,231.87181,712.52704,
104,0.72509092,1025.25989,232.47301,709.5199,
104,0.70975333,1020.83649,232.66209,706.14563,
104,0.6928302,1016.68213,232.53024,702.42255,
104,0.67449528,1012.81787,232.15788,698.38885,
104,0.65505081,1009.21277,231.60046,694.11108,
104,0.63478327,1005.86005,230.92569,689.65222,
104,0.61384904,1002.76953,230.18338,685.04669,
104,0.5923211,999.95874,229.40904,680.31055,
104,0.57023001,997.44702,228.62849,675.4505,
104,0.54761004,995.25128,227.86485,670.47412,
104,0.52448303,993.38641,227.13522,665.38617,
104,0.50087684,991.86328,226.45264,660.19281,
104,0.47683924,990.68842,225.82799,654.90454,
104,0.45243073,989.8653,225.26988,649.53467,
104,0.42772144,989.39551,224.78496,644.09863,
104,0.40278831,989.27966,224.3782,638.61334,
104,0.37771061,989.51782,224.05273,633.09625,
104,0.35256913,990.10986,223.80995,627.56512,
104,0.32744789,991.05499,223.65013,622.03845,
104,0.30243456,992.35181,223.57294,616.53552,
104,0.27761766,993.99896,223.57732,611.07581,
104,0.25308818,995.99451,223.66174,605.67932,
104,0.22893849,998.33582,223.82437,600.36639,
104,0.20526296,1001.01941,224.06299,595.15778,
104,0.18222606,1003.97693,224.37846,590.08966,
104,0.15991077,1007.22223,224.77432,585.1803,
104,0.1384003,1010.75922,225.2496,580.448,
104,0.11777791,1014.58502,225.80119,575.91107,
104,0.09787739,1018.66986,226.35019,571.53296,
104,0.07860442,1022.95392,226.84924,567.29291,
104,0.05949958,1027.32605,227.16454,563.08984,
104,0.04052569,1031.72229,227.29552,558.91559,
104,0.02173435,1036.14929,227.25079,554.78149,
104,0.00344987,1040.67224,227.08719,550.75891,
104,0,1044.98865,226.62341,546.57611,
104,0,1049.02002,225.84352,542.16193,
104,0,1052.849,224.79433,537.57379,
104,0,1056.46362,223.58789,532.8783,
104,0,1059.8302,222.29898,528.10059,
104,0,1062.91309,220.95609,523.22888,
104,0,1065.68665,219.58725,518.2616,
104,0,1068.13269,218.22058,513.20557,
104,0,1070.23901,216.88428,508.07407,
104,0,1071.99915,215.60556,502.88489,
104,0,1073.41162,214.41011,497.65884,
104,0,1074.48132,213.31837,492.41748,
103,0.98707968,1075.19714,212.33266,487.15753,
103,0.96312034,1075.56042,211.45541,481.88647,
103,0.93917042,1075.57886,210.68846,476.61749,
103,0.9152993,1075.26208,210.03276,471.36584,
103,0.89157575,1074.61926,209.48773,466.14667,
103,0.86806643,1073.65845,209.05153,460.97461,
103,0.84483647,1072.38696,208.72121,455.86401,
103,0.82195133,1070.81152,208.49342,450.82928,
103,0.79947776,1068.93823,208.36473,445.8851,
103,0.77748114,1066.77283,208.33098,441.04584,
103,0.75602823,1064.3208,208.38802,436.3262,
103,0.73518789,1061.58826,208.53178,431.74133,
103,0.71424758,1058.71863,208.48917,427.13446,
103,0.69309181,1055.95313,208.1879,422.48019,
103,0.6716767,1053.37683,207.62294,417.76886,
103,0.65003419,1051.04138,206.82042,413.00751,
103,0.62823004,1048.92151,205.81578,408.2106,
103,0.60633594,1047.02087,204.64427,403.39389,
103,0.58442849,1045.32483,203.33783,398.57425,
103,0.56255543,1043.79895,201.91263,393.76218,
103,0.54076737,1042.40527,200.38304,388.96881,
103,0.51911366,1041.10327,198.7616,384.20499,
103,0.49763593,1039.86084,197.05862,379.47989,
103,0.47636461,1038.65601,195.28201,374.8002,
103,0.45532152,1037.47534,193.43782,370.17072,
103,0.43452296,1036.30994,191.53101,365.59503,
103,0.41414386,1035.01489,189.59822,361.11163,
103,0.39433768,1033.51208,187.67862,356.75427,
103,0.37526241,1031.75122,185.81476,352.55771,
103,0.35688972,1029.76892,183.99811,348.51572,
103,0.3392317,1027.58667,182.22693,344.63095,
103,0.32220691,1025.25867,180.47404,340.8855,
103,0.30574352,1022.83667,178.71541,337.26355,
103,0.2898182,1020.35626,176.93854,333.75998,
103,0.274434,1017.8429,175.13632,330.37546,
103,0.25960177,1015.3161,173.30298,327.11237,
103,0.24532898,1012.79108,171.4323,323.97235,
103,0.23160869,1010.28009,169.51704,320.95389,
103,0.21798494,1007.9563,167.51051,317.95667,
103,0.20424801,1006.00262,165.29042,314.93454,
103,0.19052745,1004.46167,162.87466,311.91602,
103,0.17698666,1003.19275,160.27208,308.93704,
103,0.16336127,1002.07025,157.47424,305.93945,
103,0.14948146,1001.02045,154.50005,302.88589,
103,0.13518204,1000.26147,151.3773,299.74002,
103,0.12035438,999.71112,150.22725,296.47794,
103,0.10390041,999.21692,150.71333,292.85806,
103,0.08726916,998.87665,151.09398,289.19919,
103,0.07059076,998.68176,151.30525,285.52994,
103,0.05393801,998.74493,151.34381,281.86633,
103,0.03707206,999.03937,151.2581,278.15582,
103,0.01993588,999.48669,151.11293,274.38586,
103,0.00262548,1000.02075,150.96465,270.57758,
102,0.74625742,1000.59821,150.85139,266.75363,
102,0.47121194,1001.19568,150.79004,262.92883,
102,0.21958229,1001.80243,150.77888,259.10989,
101,0.98707044,1002.4137,150.80371,255.29872,
101,0.75219494,1003.02722,150.8461,251.49625,
101,0.5488959,1003.64172,150.88919,247.70355,
101,0.37126479,1004.25635,150.92136,243.9216,
101,0.21477878,1004.87061,150.93794,240.15115,
101,0.07589093,1005.48431,150.93982,236.39235,
100,0.94581699,1006.07739,150.93167,232.64201,
100,0.8199091,1006.56909,150.91962,228.90021,
100,0.70454127,1006.9364,150.90887,225.19249,
100,0.59868556,1007.20355,150.9019,221.52711,
100,0.50154406,1007.40186,150.89912,217.8989,
100,0.41242957,1007.55811,150.8996,214.30005,
100,0.33035392,1007.68317,150.90195,210.72369,
100,0.25448081,1007.78296,150.90465,207.16655,
100,0.18365502,1007.84875,150.90675,203.627,
100,0.11646122,1007.85645,150.90778,200.10794,
100,0.05090171,1007.75574,150.90787,196.6205,
99,0.98958266,1007.50677,150.90724,193.18279,
99,0.94331092,1007.13232,150.90598,189.79399,
99,0.89831787,1006.64685,150.90433,186.44933,
99,0.85454428,1006.05957,150.90268,183.14561,
99,0.83404362,1005.39313,150.9015,182.45219,
99,0.83065259,1004.66614,150.90154,183.86734,
99,0.82422882,1003.91626,150.9028,185.0121,
99,0.81525087,1003.15149,150.90475,185.92844,
99,0.80415618,1002.3786,150.90695,186.65114,
99,0.79133886,1001.60339,150.90886,187.20938,
99,0.77715313,1000.83081,150.91013,187.6277,
99,0.76191741,1000.06506,150.91063,187.92688,
99,0.74590904,999.30981,150.9104,188.12457,
99,0.72337031,998.46832,150.91478,187.79024,
99,0.70130873,997.65393,150.91565,187.42664,
99,0.68006861,996.87201,150.91357,187.05937,
99,0.65965331,996.12238,150.91,186.68912,
99,0.64006615,995.40485,150.90636,186.31644,
99,0.62130284,994.71912,150.90359,185.94186,
99,0.60336322,994.06506,150.90233,185.56584,
99,0.58624482,993.44244,150.90234,185.18877,
99,0.56994325,992.85107,150.90331,184.8109,
99,0.55445641,992.29089,150.90469,184.4328,
99,0.53978586,991.76184,150.90601,184.05515,
99,0.52593273,991.26398,150.90692,183.67848,
99,0.5128929,990.79724,150.90723,183.30333,
99,0.50066483,990.36169,150.90706,182.92976,
99,0.48923904,989.95709,150.9064,182.55792,
99,0.47860435,989.58319,150.9055,182.18797,
99,0.47228181,989.23914,150.90457,182.51581,
99,0.46429396,988.896,150.90401,182.52179,
99,0.45695609,988.58087,150.90372,182.52972,
99,0.45025423,988.29407,150.90366,182.53435,
99,0.44416252,988.03503,150.90359,182.53238,
99,0.43870842,987.8042,150.90369,182.52672,
99,0.43390262,987.60156,150.90375,182.51901,
99,0.42975381,987.42712,150.90382,182.51048,
99,0.42626944,987.28088,150.90385,182.50256,
99,0.42345068,987.16248,150.90385,182.49686,
99,0.42117417,987.06671,150.90399,182.49324,
99,0.41932675,986.98883,150.90407,182.49133,
99,0.41782093,986.92517,150.90436,182.49078,
99,0.4165844,986.87274,150.90456,182.49124,
99,0.41556284,986.82928,150.90475,182.4924,
99,0.41471323,986.79303,150.9048,182.494,
99,0.41400164,986.76257,150.90488,182.49585,
99,0.41340166,986.73682,150.90495,182.49776,
99,0.41289005,986.71484,150.90492,182.49962,
99,0.41245368,986.69604,150.90492,182.50134,
99,0.41207621,986.67981,150.90489,182.50287,
99,0.41174838,986.66571,150.90483,182.50412,
99,0.41145903,986.65332,150.90472,182.50502,
99,0.41120335,986.6424,150.90465,182.50555,
99,0.41097412,986.63269,150.90468,182.50572,
99,0.41097412,986.63269,150.90468,182.50572,
99,0.41097412,986.63269,150.90468,182.50572,
99,0.41097412,986.63269,150.90468,182.50572,
99,0.41097412,986.63269,150.90468,182.50572,
99,0.41097412,986.63269,150.90468,182.50572,
99,0.41097412,986.63269,150.90468,182.50572,
99,0.41097412,986.63269,150.90468,182.50572,
99,0.41097412,986.63269,150.90468,182.50572,
99,0.41097412,986.63269,150.90468,182.50572,
99,0.41097412,986.63269,150.90468,182.50572,
99,0.41097412,986.63269,150.90468,182.50572,
99,0.41097412,986.63269,150.90468,182.50572,
99,0.41097412,986.63269,150.90468,182.50572,
99,0.41097412,986.63269,150.90468,182.50572,
99,0.41097412,986.63269,150.90468,182.50572,
99,0.41097412,986.63269,150.90468,182.50572,
99,0.41097412,986.63269,150.90468,182.50572,
99,0.41097412,986.63269,150.90468,182.50572,
99,0.41097412,986.63269,150.90468,182.50572,
99,0.41097412,986.63269,150.90468,182.50572,
99,0.41097412,986.63269,150.90468,182.50572,
99,0.41097412,986.63269,150.90468,182.50572,
99,0.41097412,986.63269,150.90468,182.50572,
99,0.41097412,986.63269,150.90468,182.50572,
99,0.41097412,986.63269,150.90468,182.50572,
99,0.41097412,986.63269,150.90468,182.50572,
99,0.41097412,986.63269,150.90468,182.50572,
99,0.41097412,986.63269,150.90468,182.50572,
99,0.41097412,986.63269,150.90468,182.50572,
99,0.41097412,986.63269,150.90468,182.50572,
99,0.41097412,986.63269,150.90468,182.50572,
99,0.41097412,986.63269,150.90468,182.50572,
99,0.41097412,986.63269,150.90468,182.50572,
99,0.41097412,986.63269,150.90468,182.50572,
99,0.41097412,986.63269,150.90468,182.50572,
99,0.41100955,986.62158,150.90477,182.57199,
99,0.41098836,986.59436,150.90491,182.71043,
99,0.41090831,986.55103,150.90504,182.92061,
99,0.41074726,986.49152,150.90515,183.19815,
99,0.41045964,986.41486,150.90511,183.53857,
99,0.40997544,986.31885,150.90506,183.93813,
99,0.4092012,986.20044,150.90503,184.39378,
99,0.40845439,986.07245,150.90497,184.90793,
99,0.40835693,985.96136,150.90483,185.47505,
99,0.40924555,985.8819,150.90465,186.0864,
99,0.41104582,985.82941,150.9045,186.74628,
99,0.41363576,985.79706,150.90434,187.45976,
99,0.41695628,985.78113,150.90434,188.229,
99,0.42079705,985.77222,150.90442,189.05475,
99,0.42506918,985.76599,150.90451,189.93694,
99,0.42975661,985.76099,150.90463,190.87531,
99,0.4348644,985.75665,150.90472,191.86954,
99,0.44040996,985.75262,150.90475,192.91928,
99,0.4464131,985.74872,150.90475,194.02417,
99,0.45290151,985.74481,150.90472,195.18385,
99,0.45990485,985.74078,150.90475,196.39796,
99,0.46745753,985.73651,150.90475,197.66612,
99,0.47518873,985.73224,150.90469,198.92213,
99,0.48312292,985.72809,150.90468,200.16814,
99,0.49126732,985.72406,150.90468,201.40431,
99,0.49963045,985.72015,150.90469,202.63068,
99,0.50821739,985.71631,150.90472,203.84723,
99,0.51703638,985.71246,150.90475,205.05397,
99,0.52609491,985.70868,150.90474,206.2509,
99,0.53540522,985.70496,150.90466,207.43802,
99,0.54497576,985.70129,150.90465,208.61533,
99,0.55481327,985.69763,150.90465,209.78282,
99,0.56493127,985.69403,150.90466,210.94051,
99,0.57533741,985.69043,150.90469,212.08836,
99,0.58604789,985.68689,150.90474,213.22641,
99,0.59706992,985.68335,150.90469,214.35468,
99,0.60842127,985.67987,150.90471,215.4733,
99,0.62011939,985.67651,150.90474,216.58238,
99,0.63220203,985.67389,150.90482,217.68204,
99,0.64554083,985.67438,150.90483,218.8371,
99,0.66036081,985.68091,150.9048,220.04659,
99,0.67705214,985.69977,150.90477,221.30998,
99,0.69571698,985.72888,150.90475,222.62682,
99,0.71644241,985.7655,150.90469,223.99666,
99,0.73936939,985.80737,150.90468,225.4192,
99,0.7646662,985.85223,150.90469,226.89417,
99,0.79254717,985.89789,150.90471,228.42122,
99,0.82326579,985.94226,150.90472,230.00003,
99,0.85717463,985.98364,150.90468,231.63022,
99,0.89473307,986.0213,150.90471,233.31134,
99,0.93659723,986.05597,150.90474,235.04294,
99,0.98357826,986.08856,150.90469,236.82452,
100,0.0503551,986.12024,150.90469,238.65565,
100,0.13201898,986.15167,150.90471,240.53587,
100,0.22379877,986.18323,150.90474,242.46472,
100,0.32771131,986.21649,150.90471,244.44171,
100,0.44631839,986.2533,150.90472,246.46634,
100,0.58288205,986.29529,150.90468,248.53809,
100,0.7416411,986.3443,150.90471,250.65639,
100,0.92811984,986.40149,150.90474,252.82069,
101,0.13273126,986.46857,150.90471,255.03043,
101,0.35912549,986.54858,150.90472,257.28488,
101,0.61995035,986.64606,150.90469,259.58331,
101,0.92267931,986.76495,150.90474,261.9249,
102,0.23196547,986.90741,150.90472,264.30881,
102,0.55055249,987.07416,150.90469,266.73419,
102,0.88786125,987.26117,150.90475,269.20074,
103,0.00776409,987.46356,150.90475,271.70807,
103,0.01934578,987.67712,150.90474,274.25604,
103,0.03111128,987.89886,150.90474,276.84445,
103,0.04305891,988.12701,150.90474,279.47293,
103,0.05518673,988.36047,150.90474,282.14105,
103,0.06749266,988.59851,150.90474,284.84836,
103,0.07997435,988.84064,150.90474,287.59433,
103,0.09262944,989.08649,150.90472,290.37845,
103,0.10545556,989.33594,150.90468,293.2002,
103,0.11823299,989.77838,150.90477,296.01123,
103,0.13090694,990.47784,150.90491,298.7995,
103,0.14339182,991.48596,150.90506,301.54617,
103,0.15597656,992.76752,150.9052,304.31482,
103,0.16879214,994.23346,150.90524,307.13425,
103,0.18181857,995.80542,150.90517,310.00006,
103,0.19501936,997.43689,150.90506,312.90424,
103,0.20837052,999.10437,150.90495,315.84149,
103,0.22185861,1000.79688,150.90485,318.80887,
103,0.23547637,1002.50928,150.90477,321.80478,
103,0.24921927,1004.23914,150.90475,324.82822,
103,0.26308408,1005.98523,150.90472,327.87848,
103,0.27711067,1007.73004,150.90469,330.96432,
103,0.29166144,1009.1499,150.90466,334.1655,
103,0.30632445,1010.17706,150.90456,337.39136,
103,0.3212316,1010.93146,150.90448,340.67093,
103,0.33633792,1011.51593,150.9044,343.99432,
103,0.3516117,1011.99493,150.90446,347.35455,
103,0.36703515,1012.40894,150.90459,350.74771,
103,0.38259688,1012.7832,150.90472,354.1713,
103,0.39828929,1013.13342,150.90475,357.62363,
103,0.4141067,1013.46948,150.90479,361.10345,
103,0.43004462,1013.79749,150.90482,364.6098,
103,0.44609964,1014.12122,150.90486,368.14191,
103,0.46226871,1014.44312,150.90485,371.6991,
103,0.47854912,1014.76465,150.90479,375.28079,
103,0.49493831,1015.08667,150.9048,378.88641,
103,0.5114339,1015.40973,150.90482,382.51544,
103,0.52803349,1015.73419,150.90482,386.16736,
103,0.54473495,1016.0603,150.90482,389.84167,
103,0.56153595,1016.38806,150.9048,393.5379,
103,0.57843465,1016.71759,150.90482,397.25562,
103,0.59542865,1017.04883,150.90482,400.99429,
103,0.61251616,1017.38184,150.9048,404.75354,
103,0.62969488,1017.71661,150.90482,408.53287,
103,0.646963,1018.0531,150.90482,412.33185,
103,0.6643185,1018.3913,150.90474,416.15005,
103,0.68175942,1018.73114,150.9046,419.98706,
103,0.69928384,1019.07257,150.90448,423.84244,
103,0.71688998,1019.41559,150.90446,427.71579,
103,0.73457593,1019.76019,150.90451,431.60669,
103,0.75233978,1020.10626,150.90456,435.51474,
103,0.77017993,1020.45386,150.90465,439.43958,
103,0.7880944,1020.80286,150.90466,443.38077,
103,0.80608165,1021.15338,150.90469,447.33795,
103,0.82414001,1021.50525,150.90468,451.31079,
103,0.84226811,1021.85718,150.90466,455.29898,
103,0.86046517,1022.20728,150.90465,459.30234,
103,0.87873065,1022.55267,150.90463,463.32074,
103,0.89706379,1022.89093,150.9046,467.35403,
103,0.91546339,1023.22009,150.90462,471.40195,
103,0.93392807,1023.53973,150.90466,475.46417,
103,0.95245528,1023.85181,150.90474,479.54016,
103,0.97104269,1024.15881,150.90474,483.62939,
103,0.98968828,1024.46301,150.90471,487.73141,
103,1,1024.76575,150.90472,491.84586,
103,1,1025.06775,150.80978,495.97232,
103,1,1025.36975,150.6239,500.11029,
103,1,1025.672,150.35094,504.25931,
103,1,1025.97473,149.99464,508.41891,
103,1,1026.27795,149.55865,512.58868,
103,1,1026.58167,149.04646,516.76813,
103,1,1026.88599,148.46146,520.95685,
103,1,1027.18848,147.80692,525.15448,
103,1,1027.48462,147.086,529.36096,
103,1,1027.76978,146.30176,533.57611,
103,1,1028.03979,145.45714,537.79968,
103,1,1028.29187,144.55499,542.03131,
103,1,1028.5249,143.59805,546.27057,
104,0.00234985,1028.73865,142.58894,550.51691,
104,0.02168163,1028.93591,141.53004,554.7699,
104,0.04103811,1029.12122,140.42339,559.02832,
104,0.06041511,1029.29895,139.27068,563.29126,
104,0.07980876,1029.47241,138.07341,567.55786,
104,0.09921683,1029.64343,136.8329,571.82764,
104,0.11863684,1029.81299,135.55029,576.10004,
104,0.13806683,1029.98169,134.22655,580.37463,
104,0.15750404,1030.15002,132.86238,584.65082,
104,0.1769454,1030.31799,131.4583,588.92792,
104,0.19638872,1030.48535,130.01445,593.20544,
104,0.21583064,1030.64673,128.5305,597.48267,
104,0.2352659,1030.79626,127.0054,601.75842,
104,0.25468701,1030.92383,125.43738,606.03107,
104,0.27408731,1031.01978,123.82378,610.29913,
104,0.29345518,1031.07642,122.16109,614.56006,
104,0.31277862,1031.08899,120.44504,618.81122,
104,0.3320477,1031.06006,118.67074,623.05042,
104,0.35123771,1030.99475,116.72102,627.27222,
104,0.37028626,1030.90369,114.59483,631.46289,
104,0.38918829,1030.79639,112.28938,635.62134,
104,0.40792498,1030.6803,109.80211,639.74341,
104,0.4264816,1030.55969,107.13016,643.82587,
104,0.44484127,1030.43713,104.27151,647.86499,
104,0.46298757,1030.31409,101.22789,651.85718,
104,0.48075187,1030.19263,100.32917,655.76532,
104,0.50108546,1030.05469,100.63149,660.23871,
104,0.52073437,1029.92456,100.91208,664.56146,
104,0.5404945,1029.79578,101.10921,668.90869,
104,0.5602932,1029.66809,101.20277,673.2644,
104,0.58019286,1029.54053,101.20577,677.64233,
104,0.60009199,1029.58557,101.14324,682.02014,
104,0.61974919,1029.98254,101.04469,686.34473,
104,0.63978928,1030.18164,100.95591,690.75354,
104,0.65969366,1030.25964,100.88483,695.13251,
104,0.67962945,1030.26111,100.83913,699.51837,
104,0.69958377,1030.22815,100.81852,703.90833,
104,0.71957725,1030.15771,100.81816,708.30688,
104,0.73960978,1030.03943,100.83156,712.71405,
104,0.75941652,1029.87585,100.85521,717.07153,
104,0.77921999,1029.65015,100.87972,721.42828,
104,0.79904222,1029.35437,100.90105,725.78918,
104,0.81884706,1028.96021,100.91727,730.14624,
104,0.83847487,1028.41589,100.9275,734.46436,
104,0.85781634,1027.68054,100.93146,738.71948,
104,0.87678719,1026.72559,100.92976,742.89307,
104,0.89537293,1025.53723,100.92438,746.98193,
104,0.91353232,1024.11768,100.91673,750.97699,
104,0.93121833,1022.47437,100.9082,754.86792,
104,0.9483856,1020.61639,100.89994,758.64471,
104,0.9649905,1018.55328,100.89317,762.29779,
104,0.98099256,1016.29498,100.88887,765.81824,
104,0.99635345,1013.85162,100.8876,769.19763,
105,0.13116689,1011.23346,100.88917,772.42822,
105,0.31268451,1008.45093,100.89286,775.50281,
105,0.50693327,1005.51434,100.89793,778.41473,
105,0.7189889,1002.43414,100.90338,781.1579,
105,0.95580089,999.22076,100.90829,783.72662,
106,0.30175245,995.88458,100.91199,786.11591,
106,0.69044709,992.43622,100.91414,788.32117,
107,0.10325669,988.88623,100.91445,790.33844,
107,0.5021376,985.24524,100.91356,792.16418,
107,0.91675508,981.5238,100.91197,793.79541,
108,0.29646146,977.73248,100.91015,795.22961,
108,0.65213251,973.88196,100.90847,796.46478,
109,0.00015205,969.98267,100.90699,797.49939,
109,0.03465831,966.04895,100.90566,798.33936,
109,0.06939533,962.08893,100.90472,798.99866,
109,0.10451997,958.08472,100.90394,799.53534,
109,0.1398197,954.06055,100.90326,800.03558,
109,0.17502142,950.04755,100.90295,800.50012,
109,0.21010859,946.04761,100.90292,800.93219,
109,0.24508119,942.06073,100.90308,801.35742,
109,0.27993438,938.08746,100.90343,801.80487,
109,0.31466925,934.12769,100.90379,802.27277,
109,0.34929118,930.18079,100.90421,802.75439,
109,0.38380545,926.24615,100.90464,803.24451,
109,0.41821694,922.32324,100.90497,803.73932,
109,0.45252833,918.41174,100.90528,804.23645,
109,0.4867444,914.51111,100.90549,804.73212,
109,0.52086943,910.62085,100.90555,805.22198,
109,0.55494207,906.73657,100.90527,805.5744,
109,0.58895415,902.85919,100.90475,805.7395,
109,0.62298816,898.97931,100.90419,805.74573,
109,0.65703344,895.09814,100.90389,805.63171,
109,0.69106269,891.21881,100.9038,805.43475,
109,0.72506249,887.34283,100.90398,805.18427,
109,0.75901407,883.47235,100.9044,804.90106,
109,0.79286391,879.61346,100.90472,804.56451,
109,0.82657403,875.77051,100.9049,804.13361,
109,0.86010319,871.94818,100.90476,803.55988,
109,0.89347285,868.14404,100.90449,802.81458,
109,0.92668343,864.35803,100.90412,801.87677,
109,0.95987099,860.57465,100.90388,800.76233,
109,0.99320906,856.77411,100.90395,799.52887,
110,0.02446171,852.96033,100.90424,798.22699,
110,0.05519393,849.14154,100.90453,796.8905,
110,0.08626753,845.28033,100.90485,795.48669,
110,0.1175381,841.39465,100.90503,794.04559,
110,0.14901252,837.48364,100.90511,792.59869,
110,0.18046482,833.57538,100.90508,791.0932,
110,0.2120188,829.65448,100.90503,789.5177,
110,0.24367546,825.72083,100.90501,787.87347,
110,0.2754215,821.77606,100.90495,786.16345,
110,0.30724317,817.8219,100.90491,784.39063,
110,0.33912674,813.86005,100.90491,782.55792,
110,0.37106043,809.89197,100.90493,780.66815,
110,0.4030329,805.91907,100.90495,778.724,
110,0.43503386,801.94263,100.90496,776.72803,
110,0.46705398,797.96381,100.90495,774.68274,
110,0.49908394,793.98376,100.79981,772.59064,
110,0.53111488,790.0036,100.60095,770.45404,
110,0.56388354,785.93176,100.3255,768.55798,
110,0.59650683,781.87799,99.9798,766.86914,
110,0.62899607,777.84088,99.5605,765.29596,
110,0.66158253,773.79169,99.07245,763.83832,
110,0.69442588,769.71057,98.55193,762.66974,
110,0.7271052,765.64984,98.01461,761.81818,
110,0.75967395,761.60284,97.44923,761.19574,
110,0.79219955,757.56122,96.84425,760.73016,
110,0.82471722,753.52057,96.18551,760.34973,
110,0.85717791,749.487,95.44116,759.92859,
110,0.88965487,745.45142,94.59646,759.40955,
110,0.9222104,741.40607,93.64993,758.78149,
110,0.95491672,737.34198,92.61181,758.07043,
110,0.98777235,733.25934,91.49606,757.31226,
111,0.02422041,729.14447,90.33825,756.60876,
111,0.06199718,725.09631,89.32214,756.49609,
111,0.09909045,721.1214,88.42729,756.91089,
111,0.13592686,717.17401,87.62105,757.75922,
111,0.17162411,713.34869,86.92014,759.07391,
111,0.20459484,709.81555,86.36975,760.9585,
111,0.23568371,706.48407,85.95008,763.37463,
111,0.2647261,703.37189,85.60859,766.16473,
111,0.29155913,700.49646,85.31845,769.24512,
111,0.31601536,697.87573,85.06417,772.56317,
111,0.33794439,695.52582,84.83678,776.08435,
111,0.3572067,693.46167,84.62732,779.76715,
111,0.37369007,691.69531,84.43118,783.58295,
111,0.38730904,690.2359,84.24595,787.50897,
111,0.39800844,689.08936,84.06992,791.52429,
111,0.40575689,688.25903,83.90183,795.60754,
111,0.41054526,687.74591,83.74092,799.73755,
111,0.41238496,687.54877,83.58688,803.89368,
111,0.41130564,687.66443,83.44012,808.05573,
111,0.40735167,688.08813,83.30126,812.20477,
111,0.40057948,688.81384,83.17126,816.32281,
111,0.39105454,689.83453,83.05106,820.39355,
111,0.3788532,691.14203,82.94156,824.40216,
111,0.36405635,692.72766,82.8435,828.33539,
111,0.34675053,694.58215,82.75723,832.18176,
111,0.32702458,696.69598,82.68274,835.93121,
111,0.30496854,699.05951,82.61971,839.57507,
111,0.28066781,701.66357,82.56716,843.10632,
111,0.25420612,704.49921,82.52328,846.51947,
111,0.22566895,707.55725,82.48576,849.80994,
111,0.19513598,710.82916,82.45149,852.974,
111,0.16273141,714.30164,82.41994,856.00494,
111,0.12862097,717.95691,82.3955,858.89233,
111,0.09293852,721.78064,82.38361,861.62598,
111,0.05578829,725.76166,82.38947,864.19653,
111,0.01726596,729.88971,82.41767,866.59546,
110,0.98056364,734.15509,82.47205,868.81482,
110,0.94521034,738.5481,82.55588,870.84717,
110,0.90890557,743.05933,82.67171,872.68561,
110,0.87172747,747.67908,82.82166,874.32343,
110,0.83375263,752.39777,83.00721,875.75439,
110,0.7950651,757.20508,83.22959,876.97266,
110,0.75574642,762.09082,83.48983,877.97241,
110,0.71588248,767.04431,83.7886,878.74829,
110,0.67555982,772.05481,84.12643,879.29523,
110,0.63486677,777.11133,84.50359,879.60834,
110,0.59389371,782.20264,84.91997,879.68317,
110,0.552737,787.31677,85.37553,879.51599,
110,0.51149631,792.44135,85.87025,879.10358,
110,0.4702698,797.56415,86.40375,878.44275,
110,0.42916217,802.67218,86.97567,877.53143,
110,0.38827905,807.75232,87.58572,876.36798,
110,0.34772795,812.7912,88.23338,874.95129,
110,0.30762041,817.77502,88.91821,873.28125,
110,0.26806593,822.69006,89.63959,871.35822,
110,0.2291785,827.52222,90.39692,869.18365,
110,0.19107156,832.25739,91.18949,866.75952,
110,0.15385859,836.88147,92.01651,864.08887,
110,0.11765353,841.38031,92.8771,861.17584,
110,0.08257134,845.73962,93.77068,858.0257,
110,0.0487235,849.94556,94.69642,854.64404,
110,0.01622201,853.98419,95.65362,851.03741,
109,0.9838407,857.8421,96.64155,847.21362,
109,0.95170194,861.50592,97.65951,843.18115,
109,0.92137659,864.96301,98.36642,838.9494,
109,0.89210433,868.30005,98.37029,834.56201,
109,0.86380976,871.52563,98.37569,830.08447,
109,0.83654898,874.63336,98.38164,825.52924,
109,0.81045651,877.60791,98.38761,820.88989,
109,0.78570622,880.42944,98.39333,816.15656,
109,0.76248878,883.07623,98.39858,811.32153,
109,0.74099958,885.526,98.40333,806.3811,
109,0.72142714,887.75726,98.40759,801.33618,
109,0.70394969,889.74969,98.41142,796.19189,
109,0.68873155,891.48456,98.41479,790.95709,
109,0.67592114,892.94495,98.41776,785.6438,
109,0.66564941,894.11591,98.40897,780.26685,
109,0.66252697,894.47186,98.41733,775.17096,
109,0.66457593,894.23828,98.41728,769.91913,
109,0.66971201,893.65277,98.96133,764.6355,
109,0.67991507,892.48962,99.93377,759.65308,
109,0.69585967,890.67194,101.16687,754.86652,
109,0.71658325,888.30945,102.52831,750.2406,
109,0.74099571,885.52643,103.94192,745.76788,
109,0.76831859,882.41162,105.37275,741.45337,
109,0.79808927,879.01776,106.80859,737.30841,
109,0.83004814,875.37445,108.24751,733.34772,
109,0.86403668,871.49976,109.6909,729.58722,
109,0.89993447,867.40741,111.14043,726.04254,
109,0.93762743,863.11041,112.59765,722.7287,
109,0.97699511,858.6225,114.06361,719.65948,
110,0.01643126,853.95819,115.53899,716.8476,
110,0.05526122,849.13318,117.02434,714.30457,
110,0.0952558,844.16345,118.51989,712.04077,
110,0.13627549,839.06635,120.02597,710.06531,
110,0.17818031,833.85925,121.5428,708.38641,
110,0.22082779,828.55988,123.07047,707.01135,
110,0.26407111,823.18646,124.60884,705.94598,
110,0.30775794,817.75793,126.15779,705.19476,
110,0.3517336,812.29352,127.71733,704.76105,
110,0.39584386,806.81238,129.28746,704.64734,
110,0.43993348,801.3338,130.86804,704.85504,
110,0.48384628,795.8772,132.45886,705.38409,
110,0.527426,790.46198,134.05963,706.23328,
110,0.57051611,785.1076,135.67015,707.39984,
110,0.61296117,779.83337,137.29027,708.88025,
110,0.65460718,774.65845,138.91986,710.66937,
110,0.69530463,769.60138,140.55861,712.76141,
110,0.73490673,764.68042,142.20607,715.14917,
110,0.77326959,759.91345,143.86195,717.82397,
110,0.81025219,755.31799,145.52606,720.77631,
110,0.84572047,750.91071,147.19807,723.99524,
110,0.87954473,746.7077,148.87766,727.46936,
110,0.9116022,742.72424,150.56447,731.18561,
110,0.94177544,738.97491,152.25827,735.13043,
110,0.96995395,735.47345,153.95874,739.28943,
110,0.99603462,732.23267,155.6657,743.64691,
111,0.0230995,729.26459,157.37897,748.18671,
111,0.04815377,726.57977,159.09819,752.89185,
111,0.07047238,724.18811,160.82312,757.74469,
111,0.0899779,722.0979,162.55339,762.72681,
111,0.10660081,720.31659,164.2886,767.81958,
111,0.12028417,718.85028,166.02777,773.00446,
111,0.1310593,717.69562,167.75789,778.2666,
111,0.13908911,716.83514,169.45355,783.59259,
111,0.14441574,716.26434,171.12138,788.95325,
111,0.14688253,716,172.7878,794.31879,
111,0.14625317,716.06744,174.48001,799.66302,
111,0.14245299,716.47467,176.18977,804.97705,
111,0.13554296,717.21515,177.91066,810.24359,
111,0.12560567,718.28003,179.63895,815.44342,
111,0.11272312,719.66052,181.37279,820.55707,
111,0.09696937,721.34869,183.11136,825.56543,
111,0.07841676,723.33679,184.85419,830.44995,
111,0.05714387,725.61639,186.60106,835.19238,
111,0.03323956,728.17798,188.35164,839.77515,
111,0.00680352,731.01086,190.10561,844.18121,
110,0.98097968,734.10339,191.8627,848.39423,
110,0.95409983,737.44348,193.62242,852.39868,
110,0.92534071,741.01709,195.38448,856.17981,
110,0.89481729,744.80994,197.1481,859.724,
110,0.86265516,748.8064,198.91238,863.01898,
110,0.82895178,752.99438,200.63882,866.08136,
110,0.79395944,757.34253,202.29489,868.93585,
110,0.75793368,761.81909,203.89346,871.57452,
110,0.72098941,766.40979,205.45624,873.97229,
110,0.68320221,771.10516,207.00388,876.1001,
110,0.64473426,775.88519,208.5816,877.91241,
110,0.60568225,780.73779,210.21358,879.37335,
110,0.56605119,785.66235,211.8763,880.48132,
110,0.5260129,790.63751,213.55467,881.25073,
110,0.48576042,795.63928,215.24084,881.69464,
110,0.44547358,800.64532,216.93126,881.82117,
110,0.40532038,805.63477,218.62471,881.63538,
110,0.36545891,810.58795,220.3208,881.14056,
110,0.32604492,815.48553,222.01939,880.34027,
110,0.28722918,820.30878,223.72026,879.23871,
110,0.24916007,825.03925,225.42307,877.84106,
110,0.21198541,829.65857,227.12759,876.15417,
110,0.17584667,834.14923,228.83333,874.18561,
110,0.14088236,838.4939,230.54005,871.9444,
110,0.10722608,842.67603,232.24739,869.4408,
110,0.07500702,846.67957,233.95509,866.68604,
110,0.04434651,850.48944,235.66269,863.69226,
110,0.01536096,854.09119,237.37001,860.47272,
109,0.98709214,857.47144,239.07677,857.04169,
109,0.95949358,860.61768,240.7827,853.41412,
109,0.93404943,863.51831,242.48761,849.60571,
109,0.91085231,866.16278,244.1913,845.63269,
109,0.88998473,868.54169,245.89348,841.51196,
109,0.87151784,870.64691,247.59399,837.26141,
109,0.85551327,872.47144,249.29234,832.89886,
109,0.84201914,874.00977,250.98824,828.44299,
109,0.8310762,875.25726,252.68152,823.91248,
109,0.82271546,876.21039,254.37201,819.32629,
109,0.81695354,876.86725,256.05957,814.70361,
109,0.8137995,877.22681,257.74426,810.06378,
109,0.81325287,877.28912,259.42609,805.42596,
109,0.81530291,877.05542,261.10507,800.8092,
109,0.81992388,876.52863,262.78119,796.23254,
109,0.82708216,875.71259,264.45422,791.71454,
109,0.83673209,874.61249,266.12418,787.27362,
109,0.84882021,873.23444,267.79083,782.92755,
109,0.86328125,871.58588,269.45395,778.69366,
109,0.88003594,869.67584,271.11346,774.58893,
109,0.89899969,867.51398,272.76923,770.62952,
109,0.92008036,865.11078,274.42108,766.83087,
109,0.94317681,862.47778,276.06894,763.20782,
109,0.96811718,859.63458,277.64056,759.71851,
109,0.99466211,856.60846,279.00348,756.26892,
110,0.01967802,853.55475,280.11658,752.7807,
110,0.04398156,850.53479,280.95538,749.2063,
110,0.06845652,847.49353,281.52182,745.57019,
110,0.09303612,844.43927,281.85358,741.89532,
110,0.11786474,841.35406,281.99615,738.22791,
110,0.1426359,838.276,282.02014,734.59656,
110,0.16687018,835.26465,281.94745,730.96698,
110,0.19015156,832.3717,281.78842,727.29938,
110,0.21216027,829.6369,281.55844,723.56927,
110,0.23265219,827.09058,281.27505,719.76404,
110,0.25141904,824.75861,280.95102,715.87274,
110,0.26828992,822.66223,280.59628,711.88715,
110,0.28314495,820.81635,280.22607,707.81012,
110,0.29589278,819.2323,279.85788,703.65009,
110,0.30644107,817.92157,279.50406,699.41193,
110,0.31471416,816.89355,279.17529,695.10248,
110,0.3206546,816.1554,278.88034,690.73053,
110,0.32421964,815.7124,278.62646,686.30682,
110,0.32537639,815.56866,278.41962,681.84399,
110,0.32410029,815.72729,278.26398,677.35559,
110,0.32037413,816.19031,278.16223,672.85614,
110,0.31418809,816.95898,278.11606,668.36127,
110,0.30553728,818.03394,278.12616,663.88721,
110,0.29442364,819.41492,278.19272,659.45105,
110,0.28085405,821.10107,278.31512,655.07031,
110,0.26484424,823.09045,278.49265,650.76318,
110,0.24641383,825.38062,278.72421,646.54828,
110,0.22559135,827.96802,279.00845,642.44452,
110,0.20241803,830.84753,279.34409,638.47137,
110,0.17747349,833.94714,279.7326,634.65198,
110,0.15114182,837.21912,280.04904,630.91095,
110,0.1246515,840.5108,280.1749,627.16016,
110,0.10131708,843.41034,279.97253,623.23224,
110,0.08098283,845.93707,279.42889,619.09387,
110,0.06175425,848.32642,278.54941,614.79285,
110,0.04357976,850.58478,277.50204,610.44482,
110,0.02680173,852.66962,276.36179,606.07959,
110,0.01179394,854.53448,275.15079,601.68536,
109,0.9987027,856.14789,273.8938,597.26038,
109,0.98693579,857.48932,272.61597,592.8103,
109,0.97766757,858.5459,271.34222,588.34589,
109,0.9709537,859.31128,270.09708,583.88141,
109,0.96680593,859.78412,268.90402,579.43341,
109,0.96518743,859.96863,267.78384,575.01917,
109,0.96601784,859.87396,266.75247,570.65485,
109,0.9691906,859.51227,265.82089,566.35498,
109,0.97458529,858.89728,264.99554,562.13232,
109,0.98228049,858.02002,264.27261,557.98395,
109,0.99232191,856.87531,263.64597,553.90906,
110,0.00424731,855.47223,263.11063,549.91461,
110,0.01751875,853.82312,262.66284,546.01031,
110,0.03267881,851.93933,262.29904,542.20612,
110,0.0496489,849.83063,262.01602,538.51215,
110,0.06836025,847.50555,261.81061,534.93854,
110,0.08875246,844.97162,261.6795,531.49524,
110,0.11076706,842.23608,261.61935,528.19244,
110,0.13434364,839.30646,261.62711,525.04059,
110,0.15942277,836.19012,261.69968,522.05017,
110,0.18594059,832.89502,261.83411,519.23169,
110,0.21382786,829.42975,262.02774,516.59576,
110,0.24301086,825.80347,262.27802,514.15295,
110,0.27341205,822.02582,262.58261,511.91379,
110,0.30494833,818.10712,262.93903,509.88834,
110,0.33752596,814.05902,263.34515,508.08627,
110,0.37104717,809.89368,263.79892,506.51685,
110,0.40540779,805.62402,264.29843,505.18884,
110,0.44049835,801.26367,264.8418,504.11026,
110,0.47619992,796.82739,265.42734,503.28824,
110,0.51278174,792.28174,266.05222,502.77399,
110,0.55044019,787.60229,266.51419,502.40851,
110,0.58777595,782.96295,266.62823,501.78726,
110,0.62418044,778.43933,266.38431,500.76529,
110,0.65987223,774.00427,265.77899,499.32779,
110,0.69488317,769.65381,264.88489,497.54913,
110,0.72899085,765.41559,263.80063,495.50385,
110,0.7619639,761.31836,262.59488,493.22739,
110,0.79360533,757.3866,261.30884,490.72629,
110,0.82373875,753.64221,259.97137,487.99756,
110,0.85220075,750.10559,258.60776,485.0387,
110,0.87883937,746.79547,257.24091,481.84875,
110,0.90351719,743.729,255.89354,478.43082,
110,0.92611682,740.92078,254.58479,474.78891,
110,0.94654781,738.38202,253.3289,470.92844,
110,0.96474195,736.12122,252.13751,466.85965,
110,0.98064911,734.14459,251.01982,462.59659,
110,0.99423099,732.45691,249.98224,458.15543,
111,0.00632736,731.06201,249.0291,453.55359,
111,0.01657963,729.96338,248.16295,448.80902,
111,0.0240353,729.16443,247.38489,443.93979,
111,0.0286625,728.66858,246.69469,438.96368,
111,0.03043044,728.47913,246.09164,433.89902,
111,0.0293044,728.59979,245.57445,428.76385,
111,0.02525191,729.03406,245.14146,423.57651,
111,0.01823992,729.78546,244.79094,418.35556,
111,0.00823713,730.85736,244.52083,413.11987,
110,0.99587697,732.25238,244.32925,407.88904,
110,0.98203081,733.9729,244.21411,402.68283,
110,0.96555632,736.02002,244.17369,397.52203,
110,0.94644809,738.39441,244.20631,392.42767,
110,0.92471057,741.09552,244.31017,387.4212,
110,0.90036035,744.12128,244.48387,382.52484,
110,0.8734206,747.46881,244.72571,377.76065,
110,0.84393007,751.1333,245.0341,373.15112,
110,0.8119846,755.10284,245.39162,368.70743,
110,0.77868003,759.24127,245.67218,364.35791,
110,0.74501789,763.42413,245.75401,360.01651,
110,0.71518403,767.13129,245.4071,355.43896,
110,0.68909156,770.37354,244.62822,350.59222,
110,0.66501153,773.36572,243.4299,345.51392,
110,0.64190942,776.23639,241.93803,340.32516,
110,0.62010503,778.9458,240.32027,335.12567,
110,0.60019326,781.42004,238.62244,329.90613,
110,0.58263618,783.60168,236.87148,324.65054,
110,0.56772566,785.45447,235.09642,319.35681,
110,0.5556404,786.95618,233.32625,314.0322,
110,0.54648417,788.09393,231.58974,308.6904,
110,0.54029912,788.86249,229.91504,303.34943,
110,0.53707492,789.26312,228.32877,298.02988,
110,0.53674585,789.30402,226.85312,292.75259,
110,0.53930837,788.98566,225.49742,287.52612,
110,0.54481119,788.30188,224.26173,282.35092,
110,0.55317467,787.26263,223.1467,277.23685,
110,0.56427652,785.88312,222.15282,272.19751,
110,0.57799053,784.17902,221.27922,267.24695,
110,0.59420222,782.16455,220.52409,262.39899,
110,0.61280894,779.85248,219.8847,257.66699,
110,0.63346636,777.28558,219.30377,253.03409,
110,0.65427315,774.70013,218.54602,248.39417,
110,0.67138028,772.5744,217.45888,243.70598,
110,0.68383044,771.02734,215.99748,238.92485,
110,0.69116098,770.11646,214.2337,234.08249,
110,0.69325835,769.85583,212.23859,229.21294,
110,0.69093651,770.14435,210.04294,224.32561,
110,0.68497199,770.8855,207.72897,219.46945,
110,0.67580295,772.02484,205.36383,214.68655,
110,0.66358072,773.54358,202.99405,210.00685,
110,0.64832437,775.43933,200.65448,205.45367,
110,0.63003594,777.71185,198.37526,201.04779,
110,0.60872418,780.36005,196.17918,196.80597,
110,0.58444619,783.37683,194.0829,192.74236,
110,0.55731636,786.74799,192.09906,188.87,
110,0.52748597,790.45471,190.2361,185.20074,
110,0.49512544,794.47583,188.49901,181.74561,
110,0.46041164,798.78937,186.89029,178.51511,
110,0.42351598,803.37402,185.4106,175.51958,
110,0.38459858,808.2099,184.05835,172.76877,
110,0.34381711,813.2774,182.83112,170.27242,
110,0.30132237,818.5578,181.72612,168.04054,
110,0.25726026,824.03296,180.74037,166.0834,
110,0.21226195,829.62445,179.8744,164.38901,
110,0.16633773,835.33099,179.13043,162.97516,
110,0.1195397,841.14612,178.50624,161.85565,
110,0.07195723,847.05872,177.99757,161.04123,
110,0.02370626,853.05438,177.59984,160.54094,
109,0.97265834,859.11707,177.30852,160.36279,
109,0.91904098,865.22943,177.11952,160.5143,
109,0.86514896,871.37311,177.02911,161.00232,
109,0.8111493,877.52905,177.03365,161.83304,
109,0.75721717,883.67731,177.12996,163.01187,
109,0.70353502,889.79706,177.31487,164.54305,
109,0.65029085,895.86688,177.58531,166.42964,
109,0.59767735,901.86481,177.93822,168.67342,
109,0.5458948,907.76801,178.37077,171.27437,
109,0.49514717,913.55322,178.88029,174.2309,
109,0.44564113,919.1969,179.46432,177.53987,
109,0.39758441,924.67535,180.12035,181.19646,
109,0.35118526,929.96484,180.84595,185.19403,
109,0.30665144,935.04169,181.63905,189.52374,
109,0.26418641,939.88269,182.49731,194.17558,
109,0.22398986,944.46509,183.41838,199.13747,
109,0.18625507,948.76685,184.40021,204.39496,
109,0.15117101,952.76642,185.44086,209.93239,
109,0.11891762,956.4433,186.53835,215.73244,
109,0.08966566,959.77802,187.69106,221.7757,
109,0.05875075,963.30231,188.34094,227.84676,
109,0.02426635,967.23352,188.50745,233.52896,
109,0,971.65393,188.1888,238.76546,
109,0,976.45148,187.41162,243.75247,
100,0.09828778,981.4776,186.35703,248.50769,"Flew back to skip the two 90 degree turns, then turned around (still in air) and followed track forwards to get here"
100,0.96825159,986.65253,185.15926,253.00375,
101,0.70585692,991.95282,183.89198,257.20718,
102,0.25553489,997.37915,182.59608,261.08652,
102,0.61364675,1002.93164,181.30252,264.6163,
102,0.86093873,1008.60077,180.0423,267.77832,
103,0.00338801,1014.3064,178.74364,270.74533,
103,0.01786596,1019.77026,177.32411,273.93048,
103,0.03336875,1024.97021,175.80495,277.34109,
103,0.05025717,1029.79858,174.23384,281.05655,
103,0.06868133,1034.16064,172.68616,285.10986,
103,0.08883416,1037.94336,171.24744,289.54349,
103,0.1106964,1041.17346,169.8934,294.35318,
103,0.13392416,1043.92444,168.61273,299.46329,
103,0.15812042,1046.2533,167.42082,304.78647,
103,0.18299794,1048.19446,166.33383,310.25952,
103,0.20837511,1049.76599,165.3625,315.8425,
103,0.23413222,1050.97681,164.51268,321.50906,
103,0.26017717,1051.83191,163.78685,327.23895,
103,0.28642893,1052.33472,163.18472,333.01434,
103,0.31281111,1052.48828,162.70381,338.81842,
103,0.33924583,1052.29541,162.34088,344.63406,
103,0.36565602,1051.75867,162.09187,350.44431,
103,0.39196467,1050.88013,161.95212,356.23221,
103,0.41809103,1049.66235,161.91724,361.98001,
103,0.44395483,1048.10742,161.98271,367.67004,
103,0.46947405,1046.21741,162.14407,373.28427,
103,0.49456462,1043.995,162.39697,378.8042,
103,0.51914114,1041.4436,162.73711,384.21103,
103,0.54311585,1038.56726,163.16043,389.48547,
103,0.5663991,1035.37134,163.66322,394.60779,
103,0.58890122,1031.86194,164.24171,399.55826,
103,0.61053085,1028.04712,164.89264,404.31677,
103,0.63119733,1023.93561,165.61275,408.8634,
103,0.65081114,1019.53784,166.3989,413.17844,
103,0.66928297,1014.86621,167.24841,417.24225,
103,0.68652624,1009.93414,168.15874,421.03577,
,,,,,
,,,,,
,,,,,
,,,,,
,,,,,
,,,,,
